<?xml version="1.0" encoding="UTF-8"?>
<!DOCTYPE words SYSTEM "words.dtd">
<words>
<word id="word_1">Jaunos</word>
<word id="word_2">Rīgas</word>
<word id="word_3">mikroautobusu</word>
<word id="word_4">saimniekus</word>
<word id="word_5">tiesvedības</word>
<word id="word_6">nebaida</word>
<word id="word_7">21</word>
<word id="word_8">Jan</word>
<word id="word_9">2013</word>
<word id="word_10">Konkurentiem</word>
<word id="word_11">nav</word>
<word id="word_12">izredžu</word>
<word id="word_13">ietekmēt</word>
<word id="word_14">konkursa</word>
<word id="word_15">par</word>
<word id="word_16">paaugstināta</word>
<word id="word_17">servisa</word>
<word id="word_18">pārvadājumu</word>
<word id="word_19">nodrošināšanu</word>
<word id="word_20">Rīgas</word>
<word id="word_21">mikroautobusu</word>
<word id="word_22">maršrutos</word>
<word id="word_23">rezultātus</word>
<word id="word_24">un</word>
<word id="word_25">plānotās</word>
<word id="word_26">tiesvedības</word>
<word id="word_27">nebaida</word>
<word id="word_28">,</word>
<word id="word_29">intervijā</word>
<word id="word_30">biznesa</word>
<word id="word_31">portālam</word>
<word id="word_32">"</word>
<word id="word_33">Nozare</word>
<word id="word_34">.</word>
<word id="word_35">lv</word>
<word id="word_36">"</word>
<word id="word_37">atzina</word>
<word id="word_38">pilnsabiedrības</word>
<word id="word_39">"</word>
<word id="word_40">Rīgas</word>
<word id="word_41">mikroautobusu</word>
<word id="word_42">satiksme</word>
<word id="word_43">"</word>
<word id="word_44">vadītājs</word>
<word id="word_45">Vitālijs</word>
<word id="word_46">Komars</word>
<word id="word_47">.</word>
<word id="word_48">Viņš</word>
<word id="word_49">skaidro</word>
<word id="word_50">,</word>
<word id="word_51">ka</word>
<word id="word_52">konkurenti</word>
<word id="word_53">no</word>
<word id="word_54">konkursa</word>
<word id="word_55">ir</word>
<word id="word_56">izmesti</word>
<word id="word_57">,</word>
<word id="word_58">un</word>
<word id="word_59">,</word>
<word id="word_60">pat</word>
<word id="word_61">ja</word>
<word id="word_62">tiesvedības</word>
<word id="word_63">iesāktos</word>
<word id="word_64">,</word>
<word id="word_65">tās</word>
<word id="word_66">varētu</word>
<word id="word_67">turpināties</word>
<word id="word_68">gadiem</word>
<word id="word_69">.</word>
<word id="word_70">Komars</word>
<word id="word_71">arī</word>
<word id="word_72">skaidro</word>
<word id="word_73">,</word>
<word id="word_74">ka</word>
<word id="word_75">pagaidām</word>
<word id="word_76">nav</word>
<word id="word_77">izdevies</word>
<word id="word_78">noslēgt</word>
<word id="word_79">līzinga</word>
<word id="word_80">līgumus</word>
<word id="word_81">ne</word>
<word id="word_82">ar</word>
<word id="word_83">banku</word>
<word id="word_84">,</word>
<word id="word_85">ne</word>
<word id="word_86">piegādes</word>
<word id="word_87">līgumus</word>
<word id="word_88">ar</word>
<word id="word_89">autobusu</word>
<word id="word_90">ražotājiem</word>
<word id="word_91">,</word>
<word id="word_92">lai arī</word>
<word id="word_93">zināms</word>
<word id="word_94">,</word>
<word id="word_95">ka</word>
<word id="word_96">200</word>
<word id="word_97">autobusu</word>
<word id="word_98">iegāde</word>
<word id="word_99">izmaksās</word>
<word id="word_100">aptuveni</word>
<word id="word_101">10</word>
<word id="word_102">miljonus</word>
<word id="word_103">eiro</word>
<word id="word_104">(</word>
<word id="word_105">6,9</word>
<word id="word_106">miljonus</word>
<word id="word_107">latu</word>
<word id="word_108">)</word>
<word id="word_109">un</word>
<word id="word_110">beļģu</word>
<word id="word_111">investors</word>
<word id="word_112">ieguldījis</word>
<word id="word_113">vienu</word>
<word id="word_114">miljonu</word>
<word id="word_115">eiro</word>
<word id="word_116">.</word>
<word id="word_117">E-talonu</word>
<word id="word_118">reģistrēšanas</word>
<word id="word_119">ierīces</word>
<word id="word_120">apvienojumā</word>
<word id="word_121">ar</word>
<word id="word_122">kases</word>
<word id="word_123">aparātiem</word>
<word id="word_124">autobusos</word>
<word id="word_125">uzstādīs</word>
<word id="word_126">SIA</word>
<word id="word_127">"</word>
<word id="word_128">TTS</word>
<word id="word_129">"</word>
<word id="word_130">.</word>
<word id="word_131">Mērs</word>
<word id="word_132">Nils</word>
<word id="word_133">Ušakovs</word>
<word id="word_134">(</word>
<word id="word_135">SC</word>
<word id="word_136">)</word>
<word id="word_137">ir</word>
<word id="word_138">izteicies</word>
<word id="word_139">,</word>
<word id="word_140">ka</word>
<word id="word_141">jaunie</word>
<word id="word_142">mikroautobusu</word>
<word id="word_143">pārvadājumu</word>
<word id="word_144">nodrošinātāji</word>
<word id="word_145">no</word>
<word id="word_146">Rīgas</word>
<word id="word_147">domes</word>
<word id="word_148">nesaņems</word>
<word id="word_149">ne</word>
<word id="word_150">santīma</word>
<word id="word_151">un</word>
<word id="word_152">visu</word>
<word id="word_153">nepieciešamo</word>
<word id="word_154">nodrošinās</word>
<word id="word_155">par</word>
<word id="word_156">saviem</word>
<word id="word_157">līdzekļiem</word>
<word id="word_158">.</word>
<word id="word_159">Vai</word>
<word id="word_160">esat</word>
<word id="word_161">aprēķinājuši</word>
<word id="word_162">,</word>
<word id="word_163">cik</word>
<word id="word_164">ilgā</word>
<word id="word_165">laika</word>
<word id="word_166">periodā</word>
<word id="word_167">,</word>
<word id="word_168">līzingā</word>
<word id="word_169">iegādājoties</word>
<word id="word_170">200</word>
<word id="word_171">jaunus</word>
<word id="word_172">mikroautobusus</word>
<word id="word_173">,</word>
<word id="word_174">ieguldītos</word>
<word id="word_175">līdzekļus</word>
<word id="word_176">varētu</word>
<word id="word_177">atpelnīt</word>
<word id="word_178">,</word>
<word id="word_179">ņemot</word>
<word id="word_180">vērā</word>
<word id="word_181">,</word>
<word id="word_182">ka</word>
<word id="word_183">līguma</word>
<word id="word_184">cena</word>
<word id="word_185">ir</word>
<word id="word_186">25</word>
<word id="word_187">miljoni</word>
<word id="word_188">latu</word>
<word id="word_189">?</word>
<word id="word_190">Ienākums</word>
<word id="word_191">no</word>
<word id="word_192">pārvadāto</word>
<word id="word_193">pasažieru</word>
<word id="word_194">biļetēm</word>
<word id="word_195">ir</word>
<word id="word_196">plānots</word>
<word id="word_197">25</word>
<word id="word_198">miljonu</word>
<word id="word_199">latu</word>
<word id="word_200">apmērā</word>
<word id="word_201">,</word>
<word id="word_202">un</word>
<word id="word_203">tāpēc</word>
<word id="word_204">arī</word>
<word id="word_205">tāda</word>
<word id="word_206">līguma</word>
<word id="word_207">cena</word>
<word id="word_208">.</word>
<word id="word_209">Tas</word>
<word id="word_210">nozīmē</word>
<word id="word_211">,</word>
<word id="word_212">ka</word>
<word id="word_213">jāapkalpo</word>
<word id="word_214">aptuveni</word>
<word id="word_215">15</word>
<word id="word_216">miljoni</word>
<word id="word_217">pasažieru</word>
<word id="word_218">gadā</word>
<word id="word_219">.</word>
<word id="word_220">Turklāt</word>
<word id="word_221">mikroautobusos</word>
<word id="word_222">tiks</word>
<word id="word_223">piemērotas</word>
<word id="word_224">tikai</word>
<word id="word_225">valsts</word>
<word id="word_226">piešķirtās</word>
<word id="word_227">atlaides</word>
<word id="word_228">,</word>
<word id="word_229">nevis</word>
<word id="word_230">pašvaldības</word>
<word id="word_231">atlaides</word>
<word id="word_232">.</word>
<word id="word_233">Kopumā</word>
<word id="word_234">200</word>
<word id="word_235">autobusu</word>
<word id="word_236">iegāde</word>
<word id="word_237">izmaksās</word>
<word id="word_238">10</word>
<word id="word_239">miljonus</word>
<word id="word_240">eiro</word>
<word id="word_241">.</word>
<word id="word_242">Trīs</word>
<word id="word_243">bankas</word>
<word id="word_244">interesējas</word>
<word id="word_245">par</word>
<word id="word_246">kredīta</word>
<word id="word_247">izsniegšanu</word>
<word id="word_248">.</word>
<word id="word_249">Tā kā</word>
<word id="word_250">pagaidām</word>
<word id="word_251">lēmums</word>
<word id="word_252">nav</word>
<word id="word_253">pieņemts</word>
<word id="word_254">,</word>
<word id="word_255">bankas</word>
<word id="word_256">vārdu</word>
<word id="word_257">nesaukšu</word>
<word id="word_258">.</word>
<word id="word_259">Plānots</word>
<word id="word_260">pēc</word>
<word id="word_261">pieciem</word>
<word id="word_262">gadiem</word>
<word id="word_263">atgūt</word>
<word id="word_264">visus</word>
<word id="word_265">ieguldītos</word>
<word id="word_266">līdzekļus</word>
<word id="word_267">,</word>
<word id="word_268">un</word>
<word id="word_269">tad</word>
<word id="word_270">būs</word>
<word id="word_271">jāskatās</word>
<word id="word_272">,</word>
<word id="word_273">cik</word>
<word id="word_274">liela</word>
<word id="word_275">būs</word>
<word id="word_276">peļņa</word>
<word id="word_277">.</word>
<word id="word_278">Kāda</word>
<word id="word_279">būs</word>
<word id="word_280">biļešu</word>
<word id="word_281">cena</word>
<word id="word_282">,</word>
<word id="word_283">un</word>
<word id="word_284">ko</word>
<word id="word_285">piedāvāsiet</word>
<word id="word_286">pasažieriem</word>
<word id="word_287">?</word>
<word id="word_288">Biļešu</word>
<word id="word_289">cenu</word>
<word id="word_290">nosaka</word>
<word id="word_291">Rīgas</word>
<word id="word_292">dome</word>
<word id="word_293">,</word>
<word id="word_294">un</word>
<word id="word_295">mēs</word>
<word id="word_296">no</word>
<word id="word_297">savas</word>
<word id="word_298">puses</word>
<word id="word_299">neko</word>
<word id="word_300">neprasām</word>
<word id="word_301">,</word>
<word id="word_302">ar</word>
<word id="word_303">50</word>
<word id="word_304">santīmiem</word>
<word id="word_305">pilnīgi</word>
<word id="word_306">pietiek</word>
<word id="word_307">.</word>
<word id="word_308">Autobusos</word>
<word id="word_309">būs</word>
<word id="word_310">19</word>
<word id="word_311">sēdvietas</word>
<word id="word_312">un</word>
<word id="word_313">divas</word>
<word id="word_314">stāvvietas</word>
<word id="word_315">.</word>
<word id="word_316">Nebūs</word>
<word id="word_317">kā</word>
<word id="word_318">tagad</word>
<word id="word_319">-</word>
<word id="word_320">kādā</word>
<word id="word_321">nezināmā</word>
<word id="word_322">pozā</word>
<word id="word_323">jāiekāpj</word>
<word id="word_324">autobusā</word>
<word id="word_325">.</word>
<word id="word_326">Tie</word>
<word id="word_327">būs</word>
<word id="word_328">aprīkoti</word>
<word id="word_329">ar</word>
<word id="word_330">divu</word>
<word id="word_331">punktu</word>
<word id="word_332">drošības</word>
<word id="word_333">jostām</word>
<word id="word_334">.</word>
<word id="word_335">Būs</word>
<word id="word_336">dubultie</word>
<word id="word_337">sāna</word>
<word id="word_338">logi</word>
<word id="word_339">,</word>
<word id="word_340">kas</word>
<word id="word_341">nodrošina</word>
<word id="word_342">siltumu</word>
<word id="word_343">,</word>
<word id="word_344">kā arī</word>
<word id="word_345">kondicionieri</word>
<word id="word_346">.</word>
<word id="word_347">Visi</word>
<word id="word_348">autobusi</word>
<word id="word_349">vai nu</word>
<word id="word_350">no</word>
<word id="word_351">"</word>
<word id="word_352">Mercedes</word>
<word id="word_353">"</word>
<word id="word_354">,</word>
<word id="word_355">vai</word>
<word id="word_356">"</word>
<word id="word_357">Volkswagen</word>
<word id="word_358">"</word>
<word id="word_359">būs</word>
<word id="word_360">pilnīgi</word>
<word id="word_361">jauni</word>
<word id="word_362">.</word>
<word id="word_363">Plānojam</word>
<word id="word_364">pirmos</word>
<word id="word_365">pārvadājumus</word>
<word id="word_366">ar</word>
<word id="word_367">jaunajiem</word>
<word id="word_368">autobusiem</word>
<word id="word_369">uzsākt</word>
<word id="word_370">1.</word>
<word id="word_371">maijā</word>
<word id="word_372">-</word>
<word id="word_373">tie</word>
<word id="word_374">būs</word>
<word id="word_375">pirmie</word>
<word id="word_376">30</word>
<word id="word_377">vai</word>
<word id="word_378">40</word>
<word id="word_379">autobusi</word>
<word id="word_380">,</word>
<word id="word_381">kurus</word>
<word id="word_382">piedāvāsim</word>
<word id="word_383">pasažieriem</word>
<word id="word_384">.</word>
<word id="word_385">Februārī</word>
<word id="word_386">savukārt</word>
<word id="word_387">plānota</word>
<word id="word_388">viena</word>
<word id="word_389">autobusa</word>
<word id="word_390">demo</word>
<word id="word_391">prezentācija</word>
<word id="word_392">.</word>
<word id="word_393">Ja</word>
<word id="word_394">šodien</word>
<word id="word_395">pakalpojumu</word>
<word id="word_396">sniedz</word>
<word id="word_397">astoņi</word>
<word id="word_398">uzņēmumi</word>
<word id="word_399">,</word>
<word id="word_400">tad</word>
<word id="word_401">autobusu</word>
<word id="word_402">maiņa</word>
<word id="word_403">notiks</word>
<word id="word_404">,</word>
<word id="word_405">aizvietojot</word>
<word id="word_406">konkrētā</word>
<word id="word_407">uzņēmuma</word>
<word id="word_408">autobusus</word>
<word id="word_409">.</word>
<word id="word_410">Tas</word>
<word id="word_411">ir</word>
<word id="word_412">ērti</word>
<word id="word_413">gan</word>
<word id="word_414">uzņēmumiem</word>
<word id="word_415">,</word>
<word id="word_416">gan</word>
<word id="word_417">arī</word>
<word id="word_418">tajā</word>
<word id="word_419">strādājošajiem</word>
<word id="word_420">darbiniekiem</word>
<word id="word_421">,</word>
<word id="word_422">kurus</word>
<word id="word_423">mēģināsim</word>
<word id="word_424">pieņemt</word>
<word id="word_425">darbā</word>
<word id="word_426">mūsu</word>
<word id="word_427">firmā</word>
<word id="word_428">.</word>
<word id="word_429">Kuros</word>
<word id="word_430">maršrutos</word>
<word id="word_431">to</word>
<word id="word_432">veiksim</word>
<word id="word_433">vispirms</word>
<word id="word_434">,</word>
<word id="word_435">nav</word>
<word id="word_436">izlemts</word>
<word id="word_437">.</word>
<word id="word_438">Vai</word>
<word id="word_439">mikroautobusu</word>
<word id="word_440">vadītāji</word>
<word id="word_441">tiks</word>
<word id="word_442">izraudzīti</word>
<word id="word_443">no</word>
<word id="word_444">pašreiz</word>
<word id="word_445">tirgū</word>
<word id="word_446">strādājošiem</word>
<word id="word_447">uzņēmumiem</word>
<word id="word_448">?</word>
<word id="word_449">Tradicionāli</word>
<word id="word_450">autobusu</word>
<word id="word_451">vadītāji</word>
<word id="word_452">tiek</word>
<word id="word_453">piesaistīti</word>
<word id="word_454">no</word>
<word id="word_455">kompānijām</word>
<word id="word_456">,</word>
<word id="word_457">kuru</word>
<word id="word_458">darbinieki</word>
<word id="word_459">jau</word>
<word id="word_460">konkrētos</word>
<word id="word_461">maršrutos</word>
<word id="word_462">ir</word>
<word id="word_463">strādājuši</word>
<word id="word_464">.</word>
<word id="word_465">Tieši</word>
<word id="word_466">tāpat</word>
<word id="word_467">bija</word>
<word id="word_468">maršrutā</word>
<word id="word_469">Rīga-Bauska</word>
<word id="word_470">,</word>
<word id="word_471">kad</word>
<word id="word_472">2009.</word>
<word id="word_473">gadā</word>
<word id="word_474">konkursā</word>
<word id="word_475">vinnējām</word>
<word id="word_476">un</word>
<word id="word_477">pārņēmām</word>
<word id="word_478">šoferus</word>
<word id="word_479">no</word>
<word id="word_480">kompānijas</word>
<word id="word_481">"</word>
<word id="word_482">AIPS</word>
<word id="word_483">"</word>
<word id="word_484">.</word>
<word id="word_485">Tad</word>
<word id="word_486">viņi</word>
<word id="word_487">uzvarēja</word>
<word id="word_488">,</word>
<word id="word_489">un</word>
<word id="word_490">mēs</word>
<word id="word_491">šoferus</word>
<word id="word_492">"</word>
<word id="word_493">atdevām</word>
<word id="word_494">"</word>
<word id="word_495">atpakaļ</word>
<word id="word_496">.</word>
<word id="word_497">2013.</word>
<word id="word_498">gadā</word>
<word id="word_499">atkal</word>
<word id="word_500">uzvarējām</word>
<word id="word_501">mēs</word>
<word id="word_502">,</word>
<word id="word_503">un</word>
<word id="word_504">šoferi</word>
<word id="word_505">strādā</word>
<word id="word_506">mūsu</word>
<word id="word_507">kompānijā</word>
<word id="word_508">.</word>
<word id="word_509">Šoferis</word>
<word id="word_510">nezaudē</word>
<word id="word_511">neko</word>
<word id="word_512">,</word>
<word id="word_513">mainās</word>
<word id="word_514">tikai</word>
<word id="word_515">saimnieks</word>
<word id="word_516">.</word>
<word id="word_517">Vai</word>
<word id="word_518">tiks</word>
<word id="word_519">mainīti</word>
<word id="word_520">maršrutu</word>
<word id="word_521">autobusu</word>
<word id="word_522">maršruti</word>
<word id="word_523">?</word>
<word id="word_524">No</word>
<word id="word_525">sākuma</word>
<word id="word_526">maršruti</word>
<word id="word_527">netiks</word>
<word id="word_528">mainīti</word>
<word id="word_529">.</word>
<word id="word_530">Tālāk</word>
<word id="word_531">vērtēsim</word>
<word id="word_532">kopā</word>
<word id="word_533">ar</word>
<word id="word_534">"</word>
<word id="word_535">Rīgas</word>
<word id="word_536">satiksmi</word>
<word id="word_537">"</word>
<word id="word_538">,</word>
<word id="word_539">ko</word>
<word id="word_540">varam</word>
<word id="word_541">mainīt</word>
<word id="word_542">,</word>
<word id="word_543">lai</word>
<word id="word_544">viņi</word>
<word id="word_545">ietaupītu</word>
<word id="word_546">.</word>
<word id="word_547">Tāpat</word>
<word id="word_548">skatīsimies</word>
<word id="word_549">,</word>
<word id="word_550">lai</word>
<word id="word_551">mēs</word>
<word id="word_552">lieki</word>
<word id="word_553">nebraukātu</word>
<word id="word_554">.</word>
<word id="word_555">Veiksim</word>
<word id="word_556">sinerģiju</word>
<word id="word_557">,</word>
<word id="word_558">lai</word>
<word id="word_559">nav</word>
<word id="word_560">tā</word>
<word id="word_561">,</word>
<word id="word_562">ka</word>
<word id="word_563">mikroautobuss</word>
<word id="word_564">brauc</word>
<word id="word_565">pa</word>
<word id="word_566">priekšu</word>
<word id="word_567">autobusam</word>
<word id="word_568">vai</word>
<word id="word_569">maršrutā</word>
<word id="word_570">kursē</word>
<word id="word_571">pustukšs</word>
<word id="word_572">autobuss</word>
<word id="word_573">.</word>
<word id="word_574">Varbūt</word>
<word id="word_575">labāk</word>
<word id="word_576">palaist</word>
<word id="word_577">divus</word>
<word id="word_578">mikroautobusus</word>
<word id="word_579">?</word>
<word id="word_580">Līdz</word>
<word id="word_581">februāra</word>
<word id="word_582">vidum</word>
<word id="word_583">ir</word>
<word id="word_584">jāizvērtē</word>
<word id="word_585">situācija</word>
<word id="word_586">un</word>
<word id="word_587">jāiesniedz</word>
<word id="word_588">priekšlikumi</word>
<word id="word_589">Rīgas</word>
<word id="word_590">domē</word>
<word id="word_591">saskaņošanai</word>
<word id="word_592">.</word>
<word id="word_593">Pašlaik</word>
<word id="word_594">pārvadātāji</word>
<word id="word_595">brauc</word>
<word id="word_596">nevis</word>
<word id="word_597">pēc</word>
<word id="word_598">konkrēta</word>
<word id="word_599">laika</word>
<word id="word_600">,</word>
<word id="word_601">bet</word>
<word id="word_602">kad</word>
<word id="word_603">ienāk</word>
<word id="word_604">prātā</word>
<word id="word_605">.</word>
<word id="word_606">Mums</word>
<word id="word_607">tādu</word>
<word id="word_608">situāciju</word>
<word id="word_609">nebūs</word>
<word id="word_610">.</word>
<word id="word_611">Galapunktos</word>
<word id="word_612">būs</word>
<word id="word_613">konkrēti</word>
<word id="word_614">laiki</word>
<word id="word_615">.</word>
<word id="word_616">Starpposmos</word>
<word id="word_617">nebūs</word>
<word id="word_618">noteikti</word>
<word id="word_619">laiki</word>
<word id="word_620">,</word>
<word id="word_621">jo</word>
<word id="word_622">,</word>
<word id="word_623">ja</word>
<word id="word_624">būs</word>
<word id="word_625">pārpildīts</word>
<word id="word_626">,</word>
<word id="word_627">autobuss</word>
<word id="word_628">neapstāsies</word>
<word id="word_629">,</word>
<word id="word_630">bet</word>
<word id="word_631">būs</word>
<word id="word_632">zīme</word>
<word id="word_633">-</word>
<word id="word_634">vietu</word>
<word id="word_635">nav</word>
<word id="word_636">.</word>
<word id="word_637">4.</word>
<word id="word_638">augustā</word>
<word id="word_639">jāsāk</word>
<word id="word_640">apkalpot</word>
<word id="word_641">visus</word>
<word id="word_642">maršrutus</word>
<word id="word_643">,</word>
<word id="word_644">jo</word>
<word id="word_645">līgums</word>
<word id="word_646">slēgts</word>
<word id="word_647">4.</word>
<word id="word_648">janvārī</word>
<word id="word_649">un</word>
<word id="word_650">realizācijas</word>
<word id="word_651">laiks</word>
<word id="word_652">paredzēts</word>
<word id="word_653">astoņi</word>
<word id="word_654">mēneši</word>
<word id="word_655">.</word>
<word id="word_656">Domāju</word>
<word id="word_657">,</word>
<word id="word_658">ka</word>
<word id="word_659">problēmu</word>
<word id="word_660">nebūs</word>
<word id="word_661">.</word>
<word id="word_662">Mikroautobusu</word>
<word id="word_663">ražotāji</word>
<word id="word_664">sola</word>
<word id="word_665">,</word>
<word id="word_666">ka</word>
<word id="word_667">paspēs</word>
<word id="word_668">autobusus</word>
<word id="word_669">piegādāt</word>
<word id="word_670">.</word>
<word id="word_671">Izvērtējam</word>
<word id="word_672">,</word>
<word id="word_673">kurš</word>
<word id="word_674">piegādātājs</word>
<word id="word_675">dos</word>
<word id="word_676">lielākas</word>
<word id="word_677">garantijas</word>
<word id="word_678">.</word>
<word id="word_679">Ja</word>
<word id="word_680">nevarēsim</word>
<word id="word_681">apkalpot</word>
<word id="word_682">laikā</word>
<word id="word_683">visus</word>
<word id="word_684">maršrutus</word>
<word id="word_685">,</word>
<word id="word_686">būs</word>
<word id="word_687">soda</word>
<word id="word_688">sankcijas</word>
<word id="word_689">un</word>
<word id="word_690">tad</word>
<word id="word_691">tās</word>
<word id="word_692">vērsīsim</word>
<word id="word_693">pret</word>
<word id="word_694">ražotāju</word>
<word id="word_695">.</word>
<word id="word_696">Cik</word>
<word id="word_697">varētu</word>
<word id="word_698">izmaksāt</word>
<word id="word_699">e-talona</word>
<word id="word_700">validātes</word>
<word id="word_701">ierīču</word>
<word id="word_702">uzstādīšana</word>
<word id="word_703">jaunajos</word>
<word id="word_704">mikroautobusos</word>
<word id="word_705">,</word>
<word id="word_706">un</word>
<word id="word_707">kurš</word>
<word id="word_708">būs</word>
<word id="word_709">pakalpojuma</word>
<word id="word_710">sniedzējs</word>
<word id="word_711">?</word>
<word id="word_712">Sadarbojamies</word>
<word id="word_713">ar</word>
<word id="word_714">kompāniju</word>
<word id="word_715">SIA</word>
<word id="word_716">"</word>
<word id="word_717">TTS</word>
<word id="word_718">"</word>
<word id="word_719">.</word>
<word id="word_720">Uzņēmums</word>
<word id="word_721">jau</word>
<word id="word_722">mūsu</word>
<word id="word_723">kompāniju</word>
<word id="word_724">apkalpo</word>
<word id="word_725">lauku</word>
<word id="word_726">reģionos</word>
<word id="word_727">,</word>
<word id="word_728">piemēram</word>
<word id="word_729">,</word>
<word id="word_730">Saldus</word>
<word id="word_731">novadā</word>
<word id="word_732">,</word>
<word id="word_733">kur</word>
<word id="word_734">autobusos</word>
<word id="word_735">ir</word>
<word id="word_736">ierīkoti</word>
<word id="word_737">kases</word>
<word id="word_738">aparāti</word>
<word id="word_739">,</word>
<word id="word_740">kuros</word>
<word id="word_741">skolnieki</word>
<word id="word_742">var</word>
<word id="word_743">reģistrēt</word>
<word id="word_744">savus</word>
<word id="word_745">e-talonus</word>
<word id="word_746">.</word>
<word id="word_747">Starp</word>
<word id="word_748">"</word>
<word id="word_749">TTS</word>
<word id="word_750">"</word>
<word id="word_751">un</word>
<word id="word_752">"</word>
<word id="word_753">Rīgas</word>
<word id="word_754">karti</word>
<word id="word_755">"</word>
<word id="word_756">arī</word>
<word id="word_757">ir</word>
<word id="word_758">parakstīts</word>
<word id="word_759">līgums</word>
<word id="word_760">par</word>
<word id="word_761">datu</word>
<word id="word_762">apmaiņu</word>
<word id="word_763">.</word>
<word id="word_764">Izmaksas</word>
<word id="word_765">,</word>
<word id="word_766">par</word>
<word id="word_767">kādām</word>
<word id="word_768">tiks</word>
<word id="word_769">uzstādīti</word>
<word id="word_770">kases</word>
<word id="word_771">aprāti</word>
<word id="word_772">,</word>
<word id="word_773">ir</word>
<word id="word_774">komercnoslēpums</word>
<word id="word_775">.</word>
<word id="word_776">Autobusos</word>
<word id="word_777">būs</word>
<word id="word_778">tikai</word>
<word id="word_779">kases</word>
<word id="word_780">aprāts</word>
<word id="word_781">,</word>
<word id="word_782">jo</word>
<word id="word_783">pie</word>
<word id="word_784">tā</word>
<word id="word_785">varēs</word>
<word id="word_786">pielikt</word>
<word id="word_787">e-talonu</word>
<word id="word_788">.</word>
<word id="word_789">"</word>
<word id="word_790">TTS</word>
<word id="word_791">"</word>
<word id="word_792">ir</word>
<word id="word_793">jauns</word>
<word id="word_794">augošs</word>
<word id="word_795">uzņēmums</word>
<word id="word_796">,</word>
<word id="word_797">un</word>
<word id="word_798">viņi</word>
<word id="word_799">ir</word>
<word id="word_800">gatavi</word>
<word id="word_801">šos</word>
<word id="word_802">kases</word>
<word id="word_803">aparātus</word>
<word id="word_804">mums</word>
<word id="word_805">nomāt</word>
<word id="word_806">.</word>
<word id="word_807">Šajā</word>
<word id="word_808">sfērā</word>
<word id="word_809">problēmas</word>
<word id="word_810">nevarētu</word>
<word id="word_811">būt</word>
<word id="word_812">,</word>
<word id="word_813">jo</word>
<word id="word_814">,</word>
<word id="word_815">cik</word>
<word id="word_816">man</word>
<word id="word_817">zināms</word>
<word id="word_818">,</word>
<word id="word_819">šādi</word>
<word id="word_820">aparāti</word>
<word id="word_821">jau</word>
<word id="word_822">ir</word>
<word id="word_823">saražoti</word>
<word id="word_824">.</word>
<word id="word_825">Kā</word>
<word id="word_826">varētu</word>
<word id="word_827">izskaidrot</word>
<word id="word_828">,</word>
<word id="word_829">ka</word>
<word id="word_830">"</word>
<word id="word_831">Rīgas</word>
<word id="word_832">satiksmes</word>
<word id="word_833">"</word>
<word id="word_834">mikroautobusu</word>
<word id="word_835">konkursā</word>
<word id="word_836">uzvarējusī</word>
<word id="word_837">pilnsabiedrība</word>
<word id="word_838">"</word>
<word id="word_839">Rīgas</word>
<word id="word_840">mikroautobusu</word>
<word id="word_841">satiksme</word>
<word id="word_842">"</word>
<word id="word_843">,</word>
<word id="word_844">kurā</word>
<word id="word_845">startē</word>
<word id="word_846">visas</word>
<word id="word_847">jūsu</word>
<word id="word_848">vadītās</word>
<word id="word_849">kompānijas</word>
<word id="word_850">,</word>
<word id="word_851">reģistrēta</word>
<word id="word_852">pāris</word>
<word id="word_853">dienas</word>
<word id="word_854">pēc</word>
<word id="word_855">tam</word>
<word id="word_856">,</word>
<word id="word_857">kad</word>
<word id="word_858">beidzās</word>
<word id="word_859">pirmais</word>
<word id="word_860">noteiktais</word>
<word id="word_861">konkursa</word>
<word id="word_862">beigu</word>
<word id="word_863">termiņš</word>
<word id="word_864">?</word>
<word id="word_865">Ja</word>
<word id="word_866">nebūtu</word>
<word id="word_867">noteikts</word>
<word id="word_868">pagarinājums</word>
<word id="word_869">,</word>
<word id="word_870">kompānija</word>
<word id="word_871">nevarētu</word>
<word id="word_872">startēt</word>
<word id="word_873">?</word>
<word id="word_874">Tātad</word>
<word id="word_875">to</word>
<word id="word_876">pagarināja</word>
<word id="word_877">jūsu</word>
<word id="word_878">kompāniju</word>
<word id="word_879">dēļ</word>
<word id="word_880">?</word>
<word id="word_881">Nolikumā</word>
<word id="word_882">bija</word>
<word id="word_883">teikts</word>
<word id="word_884">,</word>
<word id="word_885">ka</word>
<word id="word_886">var</word>
<word id="word_887">piedalīties</word>
<word id="word_888">uzņēmumu</word>
<word id="word_889">apvienība</word>
<word id="word_890">,</word>
<word id="word_891">kura</word>
<word id="word_892">,</word>
<word id="word_893">ja</word>
<word id="word_894">uzvarēs</word>
<word id="word_895">,</word>
<word id="word_896">pēc</word>
<word id="word_897">tam</word>
<word id="word_898">varēs</word>
<word id="word_899">reģistrēties</word>
<word id="word_900">kā</word>
<word id="word_901">pilnsabiedrība</word>
<word id="word_902">.</word>
<word id="word_903">Tā kā</word>
<word id="word_904">termiņš</word>
<word id="word_905">tika</word>
<word id="word_906">pagarināts</word>
<word id="word_907">,</word>
<word id="word_908">nolēmām</word>
<word id="word_909">-</word>
<word id="word_910">kāpēc</word>
<word id="word_911">nevaram</word>
<word id="word_912">uzreiz</word>
<word id="word_913">pieteikties</word>
<word id="word_914">kā</word>
<word id="word_915">pilnsabiedrība</word>
<word id="word_916">ar</word>
<word id="word_917">savu</word>
<word id="word_918">nosaukumu</word>
<word id="word_919">un</word>
<word id="word_920">logo</word>
<word id="word_921">?</word>
<word id="word_922">Varbūt</word>
<word id="word_923">tad</word>
<word id="word_924">konkursā</word>
<word id="word_925">izskatīsimies</word>
<word id="word_926">labvēlīgāk</word>
<word id="word_927">?</word>
<word id="word_928">Konkursam</word>
<word id="word_929">gatavojāmies</word>
<word id="word_930">trīs</word>
<word id="word_931">mēnešus</word>
<word id="word_932">,</word>
<word id="word_933">katru</word>
<word id="word_934">dienu</word>
<word id="word_935">kāds</word>
<word id="word_936">kaut</word>
<word id="word_937">ko</word>
<word id="word_938">darīja</word>
<word id="word_939">.</word>
<word id="word_940">Tas</word>
<word id="word_941">ir</word>
<word id="word_942">visdarbietilpīgākais</word>
<word id="word_943">konkurss</word>
<word id="word_944">.</word>
<word id="word_945">Pirms</word>
<word id="word_946">nedaudz</word>
<word id="word_947">vairāk</word>
<word id="word_948">nekā</word>
<word id="word_949">gada</word>
<word id="word_950">jūsu</word>
<word id="word_951">vadīto</word>
<word id="word_952">kompāniju</word>
<word id="word_953">īpašnieks</word>
<word id="word_954">bija</word>
<word id="word_955">Aleksandrs</word>
<word id="word_956">Brandavs</word>
<word id="word_957">,</word>
<word id="word_958">kurš</word>
<word id="word_959">ir</word>
<word id="word_960">"</word>
<word id="word_961">Rīgas</word>
<word id="word_962">kartes</word>
<word id="word_963">"</word>
<word id="word_964">valdes</word>
<word id="word_965">loceklis</word>
<word id="word_966">,</word>
<word id="word_967">partijas</word>
<word id="word_968">"</word>
<word id="word_969">Gods</word>
<word id="word_970">kalpot</word>
<word id="word_971">Rīgai</word>
<word id="word_972">"</word>
<word id="word_973">biedrs</word>
<word id="word_974">un</word>
<word id="word_975">"</word>
<word id="word_976">Rīgas</word>
<word id="word_977">satiksmes</word>
<word id="word_978">"</word>
<word id="word_979">Elektronisko</word>
<word id="word_980">norēķinu</word>
<word id="word_981">un</word>
<word id="word_982">projektu</word>
<word id="word_983">daļas</word>
<word id="word_984">vadītājs</word>
<word id="word_985">.</word>
<word id="word_986">Vai tiešām</word>
<word id="word_987">viņš</word>
<word id="word_988">nekādā</word>
<word id="word_989">veidā</word>
<word id="word_990">nav</word>
<word id="word_991">iesaistīts</word>
<word id="word_992">šo</word>
<word id="word_993">kompāniju</word>
<word id="word_994">vadībā</word>
<word id="word_995">un</word>
<word id="word_996">netieši</word>
<word id="word_997">ietekmējis</word>
<word id="word_998">konkursa</word>
<word id="word_999">rezultātu</word>
<word id="word_1000">?</word>
<word id="word_1001">Ir</word>
<word id="word_1002">taču</word>
<word id="word_1003">zināms</word>
<word id="word_1004">,</word>
<word id="word_1005">ka</word>
<word id="word_1006">pilnsabiedrībā</word>
<word id="word_1007">apvienojušies</word>
<word id="word_1008">dalībnieki</word>
<word id="word_1009">SIA</word>
<word id="word_1010">"</word>
<word id="word_1011">B-Bus</word>
<word id="word_1012">"</word>
<word id="word_1013">un</word>
<word id="word_1014">tai</word>
<word id="word_1015">pilnībā</word>
<word id="word_1016">piederošās</word>
<word id="word_1017">SIA</word>
<word id="word_1018">"</word>
<word id="word_1019">Sabiedriskais</word>
<word id="word_1020">autobuss</word>
<word id="word_1021">"</word>
<word id="word_1022">un</word>
<word id="word_1023">SIA</word>
<word id="word_1024">"</word>
<word id="word_1025">Vidlatauto</word>
<word id="word_1026">"</word>
<word id="word_1027">,</word>
<word id="word_1028">kā arī</word>
<word id="word_1029">Jums</word>
<word id="word_1030">pilnībā</word>
<word id="word_1031">piederošā</word>
<word id="word_1032">SIA</word>
<word id="word_1033">"</word>
<word id="word_1034">FPK</word>
<word id="word_1035">"</word>
<word id="word_1036">.</word>
<word id="word_1037">Trīs</word>
<word id="word_1038">no</word>
<word id="word_1039">tām</word>
<word id="word_1040">ir</word>
<word id="word_1041">agrāk</word>
<word id="word_1042">bijušas</word>
<word id="word_1043">saistītas</word>
<word id="word_1044">ar</word>
<word id="word_1045">Brandavu</word>
<word id="word_1046">.</word>
<word id="word_1047">Konkurss</word>
<word id="word_1048">bija</word>
<word id="word_1049">godīgs</word>
<word id="word_1050">un</word>
<word id="word_1051">atvērts</word>
<word id="word_1052">.</word>
<word id="word_1053">Saka</word>
<word id="word_1054">,</word>
<word id="word_1055">Brandavs</word>
<word id="word_1056">kaut</word>
<word id="word_1057">ko</word>
<word id="word_1058">dara</word>
<word id="word_1059">,</word>
<word id="word_1060">bet arī</word>
<word id="word_1061">Iepirkumu</word>
<word id="word_1062">uzraudzības</word>
<word id="word_1063">birojs</word>
<word id="word_1064">(</word>
<word id="word_1065">IUB</word>
<word id="word_1066">)</word>
<word id="word_1067">atzinis</word>
<word id="word_1068">,</word>
<word id="word_1069">ka</word>
<word id="word_1070">tas</word>
<word id="word_1071">ir</word>
<word id="word_1072">godīgs</word>
<word id="word_1073">.</word>
<word id="word_1074">Šie</word>
<word id="word_1075">astoņi</word>
<word id="word_1076">uzņēmumi</word>
<word id="word_1077">,</word>
<word id="word_1078">kuri</word>
<word id="word_1079">pašlaik</word>
<word id="word_1080">apkalpo</word>
<word id="word_1081">mikroautobusu</word>
<word id="word_1082">satiksmi</word>
<word id="word_1083">Rīgā</word>
<word id="word_1084">,</word>
<word id="word_1085">ir</word>
<word id="word_1086">aizvainoti</word>
<word id="word_1087">.</word>
<word id="word_1088">Domājām</word>
<word id="word_1089">,</word>
<word id="word_1090">ka</word>
<word id="word_1091">konkursā</word>
<word id="word_1092">būs</word>
<word id="word_1093">pieci</word>
<word id="word_1094">,</word>
<word id="word_1095">seši</word>
<word id="word_1096">pretendenti</word>
<word id="word_1097">.</word>
<word id="word_1098">Tikai</word>
<word id="word_1099">5</word>
<word id="word_1100">%</word>
<word id="word_1101">likām</word>
<word id="word_1102">,</word>
<word id="word_1103">ka</word>
<word id="word_1104">uzvarēsim</word>
<word id="word_1105">.</word>
<word id="word_1106">Kad</word>
<word id="word_1107">gatavojāmies</word>
<word id="word_1108">konkursam</word>
<word id="word_1109">,</word>
<word id="word_1110">izpētījām</word>
<word id="word_1111">,</word>
<word id="word_1112">ka</word>
<word id="word_1113">pašreizējo</word>
<word id="word_1114">pārvadātāju</word>
<word id="word_1115">šoferi</word>
<word id="word_1116">nereti</word>
<word id="word_1117">saņem</word>
<word id="word_1118">algu</word>
<word id="word_1119">bez</word>
<word id="word_1120">nodokļiem</word>
<word id="word_1121">.</word>
<word id="word_1122">Bankās</word>
<word id="word_1123">man</word>
<word id="word_1124">teica</word>
<word id="word_1125">,</word>
<word id="word_1126">ka</word>
<word id="word_1127">pašreizējie</word>
<word id="word_1128">pārvadātāji</word>
<word id="word_1129">strādā</word>
<word id="word_1130">ar</word>
<word id="word_1131">zaudējumiem</word>
<word id="word_1132">,</word>
<word id="word_1133">bet</word>
<word id="word_1134">es</word>
<word id="word_1135">skatos</word>
<word id="word_1136">-</word>
<word id="word_1137">viens</word>
<word id="word_1138">kompānijas</word>
<word id="word_1139">pārstāvis</word>
<word id="word_1140">ar</word>
<word id="word_1141">"</word>
<word id="word_1142">Mercedes-Benz</word>
<word id="word_1143">600</word>
<word id="word_1144">"</word>
<word id="word_1145">brauc</word>
<word id="word_1146">,</word>
<word id="word_1147">otram</word>
<word id="word_1148">ir</word>
<word id="word_1149">liela</word>
<word id="word_1150">māja</word>
<word id="word_1151">.</word>
<word id="word_1152">Jautāju</word>
<word id="word_1153">tirgū</word>
<word id="word_1154">iesaistītajiem</word>
<word id="word_1155">,</word>
<word id="word_1156">arī</word>
<word id="word_1157">komercdirektoriem</word>
<word id="word_1158">,</word>
<word id="word_1159">kāpēc</word>
<word id="word_1160">tā</word>
<word id="word_1161">,</word>
<word id="word_1162">tad</word>
<word id="word_1163">uzzināju</word>
<word id="word_1164">,</word>
<word id="word_1165">ka</word>
<word id="word_1166">ir</word>
<word id="word_1167">plāni</word>
<word id="word_1168">,</word>
<word id="word_1169">kur</word>
<word id="word_1170">šoferi</word>
<word id="word_1171">kā</word>
<word id="word_1172">taksisti</word>
<word id="word_1173">ir</word>
<word id="word_1174">spiesti</word>
<word id="word_1175">nodot</word>
<word id="word_1176">konkrētu</word>
<word id="word_1177">naudas</word>
<word id="word_1178">apjomu</word>
<word id="word_1179">.</word>
<word id="word_1180">Tā</word>
<word id="word_1181">ir</word>
<word id="word_1182">ekonomikas</word>
<word id="word_1183">"</word>
<word id="word_1184">pelēkā</word>
<word id="word_1185">zona</word>
<word id="word_1186">"</word>
<word id="word_1187">.</word>
<word id="word_1188">Mēs</word>
<word id="word_1189">plānojam</word>
<word id="word_1190">400</word>
<word id="word_1191">darbiniekus</word>
<word id="word_1192">izņemt</word>
<word id="word_1193">no</word>
<word id="word_1194">"</word>
<word id="word_1195">pelēkās</word>
<word id="word_1196">zonas</word>
<word id="word_1197">"</word>
<word id="word_1198">.</word>
<word id="word_1199">Viņi</word>
<word id="word_1200">saņems</word>
<word id="word_1201">savus</word>
<word id="word_1202">500</word>
<word id="word_1203">latus</word>
<word id="word_1204">mēnesī</word>
<word id="word_1205">un</word>
<word id="word_1206">maksās</word>
<word id="word_1207">nodokļus</word>
<word id="word_1208">.</word>
<word id="word_1209">To</word>
<word id="word_1210">var</word>
<word id="word_1211">izdarīt</word>
<word id="word_1212">,</word>
<word id="word_1213">jo</word>
<word id="word_1214">esam</word>
<word id="word_1215">veikuši</word>
<word id="word_1216">aprēķinus</word>
<word id="word_1217">.</word>
<word id="word_1218">Sliktākajā</word>
<word id="word_1219">scenārija</word>
<word id="word_1220">gadījumā</word>
<word id="word_1221">pilnsabiedrība</word>
<word id="word_1222">strādās</word>
<word id="word_1223">bez</word>
<word id="word_1224">peļņas</word>
<word id="word_1225">,</word>
<word id="word_1226">bet</word>
<word id="word_1227">bez</word>
<word id="word_1228">zaudējumiem</word>
<word id="word_1229">.</word>
<word id="word_1230">Konkursa</word>
<word id="word_1231">zaudētāji</word>
<word id="word_1232">ir</word>
<word id="word_1233">norādījuši</word>
<word id="word_1234">,</word>
<word id="word_1235">ka</word>
<word id="word_1236">tiesāsies</word>
<word id="word_1237">.</word>
<word id="word_1238">Vai</word>
<word id="word_1239">nav</word>
<word id="word_1240">bailes</word>
<word id="word_1241">,</word>
<word id="word_1242">ka</word>
<word id="word_1243">tā</word>
<word id="word_1244">arī</word>
<word id="word_1245">tiesvedību</word>
<word id="word_1246">dēļ</word>
<word id="word_1247">nevarēsiet</word>
<word id="word_1248">realizēt</word>
<word id="word_1249">šo</word>
<word id="word_1250">projektu</word>
<word id="word_1251">?</word>
<word id="word_1252">Sūdzēties</word>
<word id="word_1253">par</word>
<word id="word_1254">konkursu</word>
<word id="word_1255">,</word>
<word id="word_1256">kurš</word>
<word id="word_1257">jau</word>
<word id="word_1258">ir</word>
<word id="word_1259">noticis</word>
<word id="word_1260">,</word>
<word id="word_1261">nav</word>
<word id="word_1262">iespējams</word>
<word id="word_1263">.</word>
<word id="word_1264">Sūdzēties</word>
<word id="word_1265">var</word>
<word id="word_1266">tikai</word>
<word id="word_1267">par</word>
<word id="word_1268">rezultātiem</word>
<word id="word_1269">.</word>
<word id="word_1270">Taču</word>
<word id="word_1271">konkurenti</word>
<word id="word_1272">tika</word>
<word id="word_1273">izmesti</word>
<word id="word_1274">no</word>
<word id="word_1275">konkursa</word>
<word id="word_1276">,</word>
<word id="word_1277">jo</word>
<word id="word_1278">nevarēja</word>
<word id="word_1279">uzrādīt</word>
<word id="word_1280">bankas</word>
<word id="word_1281">garantijas</word>
<word id="word_1282">200000</word>
<word id="word_1283">latu</word>
<word id="word_1284">apmērā</word>
<word id="word_1285">.</word>
<word id="word_1286">Viņi</word>
<word id="word_1287">kā</word>
<word id="word_1288">finanšu</word>
<word id="word_1289">garantētāju</word>
<word id="word_1290">norādīja</word>
<word id="word_1291">banku</word>
<word id="word_1292">,</word>
<word id="word_1293">kuru</word>
<word id="word_1294">neatzīst</word>
<word id="word_1295">Finanšu</word>
<word id="word_1296">kapitāla</word>
<word id="word_1297">un</word>
<word id="word_1298">tirgus</word>
<word id="word_1299">komisija</word>
<word id="word_1300">(</word>
<word id="word_1301">FKTK</word>
<word id="word_1302">)</word>
<word id="word_1303">.</word>
<word id="word_1304">Juristi</word>
<word id="word_1305">uzskata</word>
<word id="word_1306">,</word>
<word id="word_1307">ka</word>
<word id="word_1308">viņiem</word>
<word id="word_1309">nav</word>
<word id="word_1310">izredzes</word>
<word id="word_1311">atgriezties</word>
<word id="word_1312">pie</word>
<word id="word_1313">rezultātu</word>
<word id="word_1314">apstrīdēšanas</word>
<word id="word_1315">,</word>
<word id="word_1316">tāpēc</word>
<word id="word_1317">nav</word>
<word id="word_1318">bail</word>
<word id="word_1319">.</word>
<word id="word_1320">Piemēram</word>
<word id="word_1321">,</word>
<word id="word_1322">"</word>
<word id="word_1323">Centrs</word>
<word id="word_1324">-</word>
<word id="word_1325">1</word>
<word id="word_1326">"</word>
<word id="word_1327">lote</word>
<word id="word_1328">par</word>
<word id="word_1329">konkursa</word>
<word id="word_1330">rezultātiem</word>
<word id="word_1331">notiek</word>
<word id="word_1332">tiesāšanās</word>
<word id="word_1333">jau</word>
<word id="word_1334">kopš</word>
<word id="word_1335">2008.</word>
<word id="word_1336">gada</word>
<word id="word_1337">oktobra</word>
<word id="word_1338">.</word>
<word id="word_1339">Tātad</word>
<word id="word_1340">gandrīz</word>
<word id="word_1341">piecus</word>
<word id="word_1342">gadus</word>
<word id="word_1343">.</word>
<word id="word_1344">Ja</word>
<word id="word_1345">viņi</word>
<word id="word_1346">sāks</word>
<word id="word_1347">tiesas</word>
<word id="word_1348">procedūru</word>
<word id="word_1349">,</word>
<word id="word_1350">tad</word>
<word id="word_1351">lēmums</word>
<word id="word_1352">varētu</word>
<word id="word_1353">būt</word>
<word id="word_1354">pieņemts</word>
<word id="word_1355">vien</word>
<word id="word_1356">tad</word>
<word id="word_1357">,</word>
<word id="word_1358">kad</word>
<word id="word_1359">mēs</word>
<word id="word_1360">jau</word>
<word id="word_1361">būsim</word>
<word id="word_1362">Rīgā</word>
<word id="word_1363">pabeiguši</word>
<word id="word_1364">braukt</word>
<word id="word_1365">.</word>
<word id="word_1366">Kā</word>
<word id="word_1367">"</word>
<word id="word_1368">B-Bus</word>
<word id="word_1369">"</word>
<word id="word_1370">īpašnieks</word>
<word id="word_1371">ir</word>
<word id="word_1372">norādīts</word>
<word id="word_1373">Beļģijas</word>
<word id="word_1374">uzņēmums</word>
<word id="word_1375">"</word>
<word id="word_1376">B-International</word>
<word id="word_1377">"</word>
<word id="word_1378">.</word>
<word id="word_1379">Kā</word>
<word id="word_1380">varētu</word>
<word id="word_1381">raksturot</word>
<word id="word_1382">beļģu</word>
<word id="word_1383">īpašniekus</word>
<word id="word_1384">,</word>
<word id="word_1385">un</word>
<word id="word_1386">cik</word>
<word id="word_1387">finansiāli</word>
<word id="word_1388">viņi</word>
<word id="word_1389">palīdz</word>
<word id="word_1390">realizēt</word>
<word id="word_1391">jaunos</word>
<word id="word_1392">projektus</word>
<word id="word_1393">,</word>
<word id="word_1394">piemēram</word>
<word id="word_1395">,</word>
<word id="word_1396">Rīgā</word>
<word id="word_1397">?</word>
<word id="word_1398">"</word>
<word id="word_1399">B-International</word>
<word id="word_1400">"</word>
<word id="word_1401">līdz</word>
<word id="word_1402">pērnā</word>
<word id="word_1403">gada</word>
<word id="word_1404">1.</word>
<word id="word_1405">decembrim</word>
<word id="word_1406">darbojās</word>
<word id="word_1407">Brandavs</word>
<word id="word_1408">.</word>
<word id="word_1409">To</word>
<word id="word_1410">es</word>
<word id="word_1411">nenoliedzu</word>
<word id="word_1412">.</word>
<word id="word_1413">Viņš</word>
<word id="word_1414">pārdeva</word>
<word id="word_1415">savas</word>
<word id="word_1416">daļas</word>
<word id="word_1417">uzņēmumam</word>
<word id="word_1418">,</word>
<word id="word_1419">kas</word>
<word id="word_1420">Beļģijā</word>
<word id="word_1421">kopš</word>
<word id="word_1422">1933.</word>
<word id="word_1423">gada</word>
<word id="word_1424">jau</word>
<word id="word_1425">strādā</word>
<word id="word_1426">nozarē</word>
<word id="word_1427">.</word>
<word id="word_1428">Viņi</word>
<word id="word_1429">redz</word>
<word id="word_1430">attīstību</word>
<word id="word_1431">šajā</word>
<word id="word_1432">Eiropas</word>
<word id="word_1433">daļā</word>
<word id="word_1434">,</word>
<word id="word_1435">tāpēc</word>
<word id="word_1436">ir</word>
<word id="word_1437">gatavi</word>
<word id="word_1438">ieguldīt</word>
<word id="word_1439">.</word>
<word id="word_1440">Viņi</word>
<word id="word_1441">redz</word>
<word id="word_1442">,</word>
<word id="word_1443">ka</word>
<word id="word_1444">bizness</word>
<word id="word_1445">sāks</word>
<word id="word_1446">pelnīt</word>
<word id="word_1447">ap</word>
<word id="word_1448">2020.</word>
<word id="word_1449">gadu</word>
<word id="word_1450">.</word>
<word id="word_1451">Tagad</word>
<word id="word_1452">iegulda</word>
<word id="word_1453">naudu</word>
<word id="word_1454">un</word>
<word id="word_1455">gaida</word>
<word id="word_1456">,</word>
<word id="word_1457">kad</word>
<word id="word_1458">varēs</word>
<word id="word_1459">pelnīt</word>
<word id="word_1460">.</word>
<word id="word_1461">Viņi</word>
<word id="word_1462">grib</word>
<word id="word_1463">ieiet</word>
<word id="word_1464">arī</word>
<word id="word_1465">Igaunijas</word>
<word id="word_1466">un</word>
<word id="word_1467">Lietuvas</word>
<word id="word_1468">tirgos</word>
<word id="word_1469">,</word>
<word id="word_1470">bet</word>
<word id="word_1471">sāka</word>
<word id="word_1472">ar</word>
<word id="word_1473">Latviju</word>
<word id="word_1474">.</word>
<word id="word_1475">Ieiešana</word>
<word id="word_1476">kaimiņu</word>
<word id="word_1477">tirgos</word>
<word id="word_1478">notiks</word>
<word id="word_1479">ar</word>
<word id="word_1480">"</word>
<word id="word_1481">B-Bus</word>
<word id="word_1482">"</word>
<word id="word_1483">starpniecību</word>
<word id="word_1484">,</word>
<word id="word_1485">vai nu</word>
<word id="word_1486">piedalīsimies</word>
<word id="word_1487">konkursos</word>
<word id="word_1488">,</word>
<word id="word_1489">vai</word>
<word id="word_1490">iegādāsimies</word>
<word id="word_1491">kādu</word>
<word id="word_1492">vietējo</word>
<word id="word_1493">uzņēmumu</word>
<word id="word_1494">.</word>
<word id="word_1495">Tas</word>
<word id="word_1496">notiks</word>
<word id="word_1497">tuvāko</word>
<word id="word_1498">piecu</word>
<word id="word_1499">gadu</word>
<word id="word_1500">laikā</word>
<word id="word_1501">.</word>
<word id="word_1502">Piemēram</word>
<word id="word_1503">,</word>
<word id="word_1504">tagad</word>
<word id="word_1505">viņu</word>
<word id="word_1506">pirmā</word>
<word id="word_1507">iemaksa</word>
<word id="word_1508">ir</word>
<word id="word_1509">viens</word>
<word id="word_1510">miljons</word>
<word id="word_1511">eiro</word>
<word id="word_1512">saistībā</word>
<word id="word_1513">ar</word>
<word id="word_1514">mikroautobusu</word>
<word id="word_1515">projektu</word>
<word id="word_1516">.</word>
<word id="word_1517">No</word>
<word id="word_1518">1.</word>
<word id="word_1519">februāra</word>
<word id="word_1520">arī</word>
<word id="word_1521">Jūsu</word>
<word id="word_1522">vadītais</word>
<word id="word_1523">SIA</word>
<word id="word_1524">"</word>
<word id="word_1525">Sabiedriskais</word>
<word id="word_1526">autobuss</word>
<word id="word_1527">"</word>
<word id="word_1528">uzvarējis</word>
<word id="word_1529">konkursā</word>
<word id="word_1530">apkalpot</word>
<word id="word_1531">pasažierus</word>
<word id="word_1532">maršrutā</word>
<word id="word_1533">Rīga-Bauska</word>
<word id="word_1534">,</word>
<word id="word_1535">jo</word>
<word id="word_1536">piedāvāta</word>
<word id="word_1537">cena</word>
<word id="word_1538">bijusi</word>
<word id="word_1539">lētāka</word>
<word id="word_1540">.</word>
<word id="word_1541">Konkurenti</word>
<word id="word_1542">to</word>
<word id="word_1543">sauc</word>
<word id="word_1544">par</word>
<word id="word_1545">dempinga</word>
<word id="word_1546">cenu</word>
<word id="word_1547">.</word>
<word id="word_1548">Vai</word>
<word id="word_1549">tam</word>
<word id="word_1550">piekrītat</word>
<word id="word_1551">,</word>
<word id="word_1552">un</word>
<word id="word_1553">vai</word>
<word id="word_1554">ar</word>
<word id="word_1555">to</word>
<word id="word_1556">summu</word>
<word id="word_1557">,</word>
<word id="word_1558">par</word>
<word id="word_1559">kuru</word>
<word id="word_1560">esat</word>
<word id="word_1561">apsolījuši</word>
<word id="word_1562">veikt</word>
<word id="word_1563">pārvadājumus</word>
<word id="word_1564">,</word>
<word id="word_1565">to</word>
<word id="word_1566">arī</word>
<word id="word_1567">varēsiet</word>
<word id="word_1568">veikt</word>
<word id="word_1569">?</word>
<word id="word_1570">Kā</word>
<word id="word_1571">izdodas</word>
<word id="word_1572">ietaupīt</word>
<word id="word_1573">līdzekļus</word>
<word id="word_1574">,</word>
<word id="word_1575">ja</word>
<word id="word_1576">konkurentiem</word>
<word id="word_1577">tas</word>
<word id="word_1578">neizdodas</word>
<word id="word_1579">?</word>
<word id="word_1580">Esam</word>
<word id="word_1581">atraduši</word>
<word id="word_1582">veidu</word>
<word id="word_1583">kā</word>
<word id="word_1584">darbu</word>
<word id="word_1585">organizēt</word>
<word id="word_1586">,</word>
<word id="word_1587">lai</word>
<word id="word_1588">nodrošinātu</word>
<word id="word_1589">lētāku</word>
<word id="word_1590">cenu</word>
<word id="word_1591">,</word>
<word id="word_1592">arī</word>
<word id="word_1593">to</word>
<word id="word_1594">,</word>
<word id="word_1595">kā</word>
<word id="word_1596">tālāk</word>
<word id="word_1597">realizēt</word>
<word id="word_1598">vecākos</word>
<word id="word_1599">autobusus</word>
<word id="word_1600">,</word>
<word id="word_1601">līdz</word>
<word id="word_1602">ar</word>
<word id="word_1603">to</word>
<word id="word_1604">varam</word>
<word id="word_1605">nodrošināt</word>
<word id="word_1606">zemāku</word>
<word id="word_1607">cenu</word>
<word id="word_1608">,</word>
<word id="word_1609">un</word>
<word id="word_1610">zaudējumu</word>
<word id="word_1611">nebūs</word>
<word id="word_1612">.</word>
<word id="word_1613">Par</word>
<word id="word_1614">dempinga</word>
<word id="word_1615">cenām</word>
<word id="word_1616">konkurenti</word>
<word id="word_1617">runā</word>
<word id="word_1618">tāpēc</word>
<word id="word_1619">,</word>
<word id="word_1620">ka</word>
<word id="word_1621">zaudējuši</word>
<word id="word_1622">.</word>
<word id="word_1623">Es</word>
<word id="word_1624">to</word>
<word id="word_1625">pašu</word>
<word id="word_1626">stāstīju</word>
<word id="word_1627">pirms</word>
<word id="word_1628">gada</word>
<word id="word_1629">,</word>
<word id="word_1630">kad</word>
<word id="word_1631">mēs</word>
<word id="word_1632">zaudējām</word>
<word id="word_1633">konkursā</word>
<word id="word_1634">.</word>
<word id="word_1635">Šogad</word>
<word id="word_1636">maršrutā</word>
<word id="word_1637">Rīga-Bauska</word>
<word id="word_1638">un</word>
<word id="word_1639">vēl</word>
<word id="word_1640">pāris</word>
<word id="word_1641">reģiona</word>
<word id="word_1642">maršrutos</word>
<word id="word_1643">piedāvājām</word>
<word id="word_1644">cenu</word>
<word id="word_1645">52</word>
<word id="word_1646">santīmi</word>
<word id="word_1647">par</word>
<word id="word_1648">kilometru</word>
<word id="word_1649">,</word>
<word id="word_1650">bet</word>
<word id="word_1651">konkurents</word>
<word id="word_1652">"</word>
<word id="word_1653">AIPS</word>
<word id="word_1654">"</word>
<word id="word_1655">kopā</word>
<word id="word_1656">ar</word>
<word id="word_1657">"</word>
<word id="word_1658">Nordeka</word>
<word id="word_1659">"</word>
<word id="word_1660">piedāvāja</word>
<word id="word_1661">69</word>
<word id="word_1662">santīmus</word>
<word id="word_1663">.</word>
<word id="word_1664">Viņi</word>
<word id="word_1665">nemāk</word>
<word id="word_1666">saimniekot</word>
<word id="word_1667">.</word>
<word id="word_1668">Pārvadātāju</word>
<word id="word_1669">tirgus</word>
<word id="word_1670">sāk</word>
<word id="word_1671">samazināties</word>
<word id="word_1672">,</word>
<word id="word_1673">jo</word>
<word id="word_1674">tirgū</word>
<word id="word_1675">ienāk</word>
<word id="word_1676">arī</word>
<word id="word_1677">tādi</word>
<word id="word_1678">kā</word>
<word id="word_1679">mēs</word>
<word id="word_1680">,</word>
<word id="word_1681">kas</word>
<word id="word_1682">rēķina</word>
<word id="word_1683">racionālāk</word>
<word id="word_1684">-</word>
<word id="word_1685">jo</word>
<word id="word_1686">vairāk</word>
<word id="word_1687">projektu</word>
<word id="word_1688">,</word>
<word id="word_1689">jo</word>
<word id="word_1690">mazākās</word>
<word id="word_1691">izmaksas</word>
<word id="word_1692">.</word>
<word id="word_1693">Viņi</word>
<word id="word_1694">dzīvo</word>
<word id="word_1695">kā</word>
<word id="word_1696">PSRS</word>
<word id="word_1697">laikos</word>
<word id="word_1698">,</word>
<word id="word_1699">kad</word>
<word id="word_1700">autoparkā</word>
<word id="word_1701">bija</word>
<word id="word_1702">vajadzīgie</word>
<word id="word_1703">un</word>
<word id="word_1704">nevajadzīgie</word>
<word id="word_1705">autobusi</word>
<word id="word_1706">.</word>
<word id="word_1707">Mēs</word>
<word id="word_1708">pa</word>
<word id="word_1709">diviem</word>
<word id="word_1710">gadiem</word>
<word id="word_1711">esam</word>
<word id="word_1712">iegādājušies</word>
<word id="word_1713">divus</word>
<word id="word_1714">autobusu</word>
<word id="word_1715">parkus</word>
<word id="word_1716">-</word>
<word id="word_1717">"</word>
<word id="word_1718">Vidlatauto</word>
<word id="word_1719">"</word>
<word id="word_1720">,</word>
<word id="word_1721">kas</word>
<word id="word_1722">brauc</word>
<word id="word_1723">Alūksnes</word>
<word id="word_1724">novadā</word>
<word id="word_1725">,</word>
<word id="word_1726">un</word>
<word id="word_1727">Saldus</word>
<word id="word_1728">autobusu</word>
<word id="word_1729">parku</word>
<word id="word_1730">.</word>
<word id="word_1731">Krietni</word>
<word id="word_1732">samazinājām</word>
<word id="word_1733">administratīvās</word>
<word id="word_1734">izmaksas</word>
<word id="word_1735">.</word>
<word id="word_1736">Patlaban</word>
<word id="word_1737">ar</word>
<word id="word_1738">70</word>
<word id="word_1739">autobusiem</word>
<word id="word_1740">apkalpojat</word>
<word id="word_1741">pasažierus</word>
<word id="word_1742">vairākos</word>
<word id="word_1743">Latvijas</word>
<word id="word_1744">novados</word>
<word id="word_1745">.</word>
<word id="word_1746">Kādas</word>
<word id="word_1747">problēmas</word>
<word id="word_1748">kā</word>
<word id="word_1749">pārvadātājs</word>
<word id="word_1750">līdz</word>
<word id="word_1751">šim</word>
<word id="word_1752">esat</word>
<word id="word_1753">identificējuši</word>
<word id="word_1754">?</word>
<word id="word_1755">Pasažieru</word>
<word id="word_1756">pārvadātāju</word>
<word id="word_1757">segmentā</word>
<word id="word_1758">situācija</word>
<word id="word_1759">Latvijā</word>
<word id="word_1760">ir</word>
<word id="word_1761">atšķirīga</word>
<word id="word_1762">,</word>
<word id="word_1763">jo</word>
<word id="word_1764">to</word>
<word id="word_1765">nosaka</word>
<word id="word_1766">plānošanas</word>
<word id="word_1767">reģionu</word>
<word id="word_1768">vadības</word>
<word id="word_1769">profesionalitāte</word>
<word id="word_1770">.</word>
<word id="word_1771">Piemēram</word>
<word id="word_1772">,</word>
<word id="word_1773">Kurzemes</word>
<word id="word_1774">plānošanas</word>
<word id="word_1775">reģionā</word>
<word id="word_1776">,</word>
<word id="word_1777">organizācija</word>
<word id="word_1778">ir</word>
<word id="word_1779">ļoti</word>
<word id="word_1780">laba</word>
<word id="word_1781">.</word>
<word id="word_1782">Par</word>
<word id="word_1783">to</word>
<word id="word_1784">pārliecinājāmies</word>
<word id="word_1785">,</word>
<word id="word_1786">darbojoties</word>
<word id="word_1787">Saldus</word>
<word id="word_1788">un</word>
<word id="word_1789">Ventspils</word>
<word id="word_1790">novados</word>
<word id="word_1791">.</word>
<word id="word_1792">Bija</word>
<word id="word_1793">gan</word>
<word id="word_1794">incidents</word>
<word id="word_1795">Liepājā</word>
<word id="word_1796">,</word>
<word id="word_1797">kad</word>
<word id="word_1798">"</word>
<word id="word_1799">Liepājas</word>
<word id="word_1800">autobusu</word>
<word id="word_1801">parks</word>
<word id="word_1802">"</word>
<word id="word_1803">,</word>
<word id="word_1804">kam</word>
<word id="word_1805">pieder</word>
<word id="word_1806">Liepājas</word>
<word id="word_1807">autoosta</word>
<word id="word_1808">,</word>
<word id="word_1809">konkursā</word>
<word id="word_1810">negodīgi</word>
<word id="word_1811">konkurēja</word>
<word id="word_1812">.</word>
<word id="word_1813">Šī</word>
<word id="word_1814">incidenta</word>
<word id="word_1815">dēļ</word>
<word id="word_1816">konkursos</word>
<word id="word_1817">tagad</word>
<word id="word_1818">vērtē</word>
<word id="word_1819">pakalpojuma</word>
<word id="word_1820">pašizmaksu</word>
<word id="word_1821">,</word>
<word id="word_1822">un</word>
<word id="word_1823">autoostas</word>
<word id="word_1824">iebraukšanas</word>
<word id="word_1825">izmaksas</word>
<word id="word_1826">tiek</word>
<word id="word_1827">skatītas</word>
<word id="word_1828">atsevišķi</word>
<word id="word_1829">.</word>
<word id="word_1830">Ja</word>
<word id="word_1831">autopārvadātājam</word>
<word id="word_1832">pieder</word>
<word id="word_1833">autoosta</word>
<word id="word_1834">,</word>
<word id="word_1835">viņš</word>
<word id="word_1836">saņem</word>
<word id="word_1837">gandrīz</word>
<word id="word_1838">bezmaksas</word>
<word id="word_1839">autoostas</word>
<word id="word_1840">pakalpojumus</word>
<word id="word_1841">,</word>
<word id="word_1842">bet</word>
<word id="word_1843">konkurentam</word>
<word id="word_1844">nosaka</word>
<word id="word_1845">pakalpojuma</word>
<word id="word_1846">cenu</word>
<word id="word_1847">piecreiz</word>
<word id="word_1848">dārgāku</word>
<word id="word_1849">.</word>
<word id="word_1850">Tagad</word>
<word id="word_1851">ir</word>
<word id="word_1852">godīgāk</word>
<word id="word_1853">.</word>
<word id="word_1854">Otrā</word>
<word id="word_1855">vieta</word>
<word id="word_1856">,</word>
<word id="word_1857">kur</word>
<word id="word_1858">braucam</word>
<word id="word_1859">,</word>
<word id="word_1860">ir</word>
<word id="word_1861">Vidzemes</word>
<word id="word_1862">plānošanas</word>
<word id="word_1863">reģions</word>
<word id="word_1864">,</word>
<word id="word_1865">un</word>
<word id="word_1866">tur</word>
<word id="word_1867">ir</word>
<word id="word_1868">ļoti</word>
<word id="word_1869">vāja</word>
<word id="word_1870">vadība</word>
<word id="word_1871">.</word>
<word id="word_1872">Šajā</word>
<word id="word_1873">reģionā</word>
<word id="word_1874">darbojas</word>
<word id="word_1875">divi</word>
<word id="word_1876">lieli</word>
<word id="word_1877">uzņēmumi</word>
<word id="word_1878">,</word>
<word id="word_1879">kuri</word>
<word id="word_1880">pieder</word>
<word id="word_1881">pašvaldībām</word>
<word id="word_1882">-</word>
<word id="word_1883">"</word>
<word id="word_1884">CATA</word>
<word id="word_1885">"</word>
<word id="word_1886">un</word>
<word id="word_1887">"</word>
<word id="word_1888">VTU</word>
<word id="word_1889">Valmiera</word>
<word id="word_1890">"</word>
<word id="word_1891">,</word>
<word id="word_1892">un</word>
<word id="word_1893">plānošanas</word>
<word id="word_1894">reģiona</word>
<word id="word_1895">naudas</word>
<word id="word_1896">sadalīšana</word>
<word id="word_1897">notiek</word>
<word id="word_1898">viņu</word>
<word id="word_1899">virzienā</word>
<word id="word_1900">.</word>
<word id="word_1901">Šie</word>
<word id="word_1902">pārvadātāji</word>
<word id="word_1903">saņem</word>
<word id="word_1904">vairāk</word>
<word id="word_1905">naudas</word>
<word id="word_1906">,</word>
<word id="word_1907">viņiem</word>
<word id="word_1908">nav</word>
<word id="word_1909">parādu</word>
<word id="word_1910">.</word>
<word id="word_1911">Mūsu</word>
<word id="word_1912">uzņēmumam</word>
<word id="word_1913">"</word>
<word id="word_1914">Vidlatauto</word>
<word id="word_1915">"</word>
<word id="word_1916">,</word>
<word id="word_1917">kas</word>
<word id="word_1918">sniedz</word>
<word id="word_1919">pakalpojumus</word>
<word id="word_1920">Alūksnes</word>
<word id="word_1921">pusē</word>
<word id="word_1922">,</word>
<word id="word_1923">nepieciešamas</word>
<word id="word_1924">dotācijas</word>
<word id="word_1925">20 00</word>
<word id="word_1926">latu</word>
<word id="word_1927">mēnesī</word>
<word id="word_1928">.</word>
<word id="word_1929">Viņi</word>
<word id="word_1930">sniedz</word>
<word id="word_1931">tikai</word>
<word id="word_1932">10000</word>
<word id="word_1933">latu</word>
<word id="word_1934">.</word>
<word id="word_1935">Tagad</word>
<word id="word_1936">viņi</word>
<word id="word_1937">mums</word>
<word id="word_1938">parādā</word>
<word id="word_1939">ir</word>
<word id="word_1940">90000</word>
<word id="word_1941">latu</word>
<word id="word_1942">.</word>
<word id="word_1943">Pagājušajā</word>
<word id="word_1944">gadā</word>
<word id="word_1945">situācija</word>
<word id="word_1946">atrisinājās</word>
<word id="word_1947">,</word>
<word id="word_1948">jo</word>
<word id="word_1949">valdība</word>
<word id="word_1950">pieņēma</word>
<word id="word_1951">lēmumu</word>
<word id="word_1952">piešķirt</word>
<word id="word_1953">papildu</word>
<word id="word_1954">līdzekļus</word>
<word id="word_1955">,</word>
<word id="word_1956">bet</word>
<word id="word_1957">saņēmām</word>
<word id="word_1958">šos</word>
<word id="word_1959">līdzekļus</word>
<word id="word_1960">septembrī</word>
<word id="word_1961">.</word>
<word id="word_1962">Tagad</word>
<word id="word_1963">vides</word>
<word id="word_1964">aizsardzības</word>
<word id="word_1965">un</word>
<word id="word_1966">reģionālās</word>
<word id="word_1967">attīstības</word>
<word id="word_1968">ministrs</word>
<word id="word_1969">Edmunds</word>
<word id="word_1970">Sprūdžs</word>
<word id="word_1971">(</word>
<word id="word_1972">RP</word>
<word id="word_1973">)</word>
<word id="word_1974">ir</word>
<word id="word_1975">pateicis</word>
<word id="word_1976">,</word>
<word id="word_1977">ka</word>
<word id="word_1978">parāds</word>
<word id="word_1979">pārvadātājiem</word>
<word id="word_1980">ir</word>
<word id="word_1981">jāmaksā</word>
<word id="word_1982">pašvaldībām</word>
<word id="word_1983">,</word>
<word id="word_1984">bet</word>
<word id="word_1985">pašvaldībām</word>
<word id="word_1986">naudas</word>
<word id="word_1987">nav</word>
<word id="word_1988">.</word>
<word id="word_1989">Tagad</word>
<word id="word_1990">negribam</word>
<word id="word_1991">streikot</word>
<word id="word_1992">,</word>
<word id="word_1993">pārvadājam</word>
<word id="word_1994">skolniekus</word>
<word id="word_1995">,</word>
<word id="word_1996">ārā</word>
<word id="word_1997">ir</word>
<word id="word_1998">auksts</word>
<word id="word_1999">,</word>
<word id="word_2000">un</word>
<word id="word_2001">bez</word>
<word id="word_2002">autobusa</word>
<word id="word_2003">reģionos</word>
<word id="word_2004">ir</word>
<word id="word_2005">grūti</word>
<word id="word_2006">.</word>
<word id="word_2007">Uzsveru</word>
<word id="word_2008">,</word>
<word id="word_2009">problēmas</word>
<word id="word_2010">ir</word>
<word id="word_2011">plānošanas</word>
<word id="word_2012">reģionos</word>
<word id="word_2013">,</word>
<word id="word_2014">tāpēc</word>
<word id="word_2015">varu</word>
<word id="word_2016">paslavēt</word>
<word id="word_2017">Kurzemes</word>
<word id="word_2018">plānošanas</word>
<word id="word_2019">reģionu</word>
<word id="word_2020">,</word>
<word id="word_2021">kura</word>
<word id="word_2022">pārstāvji</word>
<word id="word_2023">pārzina</word>
<word id="word_2024">visus</word>
<word id="word_2025">maršrutus</word>
<word id="word_2026">,</word>
<word id="word_2027">problēmas</word>
<word id="word_2028">.</word>
<word id="word_2029">Piemēram</word>
<word id="word_2030">,</word>
<word id="word_2031">Liepāja-Grobiņa</word>
<word id="word_2032">maršrutu</word>
<word id="word_2033">atdeva</word>
<word id="word_2034">pilsētai</word>
<word id="word_2035">,</word>
<word id="word_2036">jo</word>
<word id="word_2037">pilsēta</word>
<word id="word_2038">to</word>
<word id="word_2039">var</word>
<word id="word_2040">pārvaldīt</word>
<word id="word_2041">.</word>
<word id="word_2042">Vidzemes</word>
<word id="word_2043">reģionā</word>
<word id="word_2044">viņi</word>
<word id="word_2045">vispār</word>
<word id="word_2046">neko</word>
<word id="word_2047">nemenedžē</word>
<word id="word_2048">,</word>
<word id="word_2049">tikai</word>
<word id="word_2050">domā</word>
<word id="word_2051">,</word>
<word id="word_2052">kā</word>
<word id="word_2053">sadalīt</word>
<word id="word_2054">naudu</word>
<word id="word_2055">.</word>
<word id="word_2056">Nedomā</word>
<word id="word_2057">ne</word>
<word id="word_2058">par</word>
<word id="word_2059">maršrutu</word>
<word id="word_2060">pārskatīšanu</word>
<word id="word_2061">,</word>
<word id="word_2062">ne</word>
<word id="word_2063">kā</word>
<word id="word_2064">situāciju</word>
<word id="word_2065">uzlabot</word>
<word id="word_2066">.</word>
<word id="word_2067">Arī</word>
<word id="word_2068">KNAB</word>
<word id="word_2069">rakstījām</word>
<word id="word_2070">,</word>
<word id="word_2071">kā</word>
<word id="word_2072">var</word>
<word id="word_2073">naudas</word>
<word id="word_2074">sadalē</word>
<word id="word_2075">pārvadātājiem</word>
<word id="word_2076">piedalīties</word>
<word id="word_2077">ieinteresētas</word>
<word id="word_2078">personas</word>
<word id="word_2079">,</word>
<word id="word_2080">piemēram</word>
<word id="word_2081">,</word>
<word id="word_2082">Valmieras</word>
<word id="word_2083">mērs</word>
<word id="word_2084">,</word>
<word id="word_2085">kura</word>
<word id="word_2086">pilsētai</word>
<word id="word_2087">pieder</word>
<word id="word_2088">"</word>
<word id="word_2089">VTU</word>
<word id="word_2090">Valmiera</word>
<word id="word_2091">"</word>
<word id="word_2092">.</word>
<word id="word_2093">Informācijai</word>
<word id="word_2094">:</word>
<word id="word_2095">Līgums</word>
<word id="word_2096">par</word>
<word id="word_2097">paaugstināta</word>
<word id="word_2098">servisa</word>
<word id="word_2099">pārvadājumu</word>
<word id="word_2100">nodrošināšanu</word>
<word id="word_2101">Rīgas</word>
<word id="word_2102">pilsētas</word>
<word id="word_2103">mikroautobusu</word>
<word id="word_2104">maršrutos</word>
<word id="word_2105">ar</word>
<word id="word_2106">pilnsabiedrību</word>
<word id="word_2107">"</word>
<word id="word_2108">Rīgas</word>
<word id="word_2109">mikroautobusu</word>
<word id="word_2110">satiksme</word>
<word id="word_2111">"</word>
<word id="word_2112">noslēgts</word>
<word id="word_2113">4.</word>
<word id="word_2114">janvārī</word>
<word id="word_2115">uz</word>
<word id="word_2116">pieciem</word>
<word id="word_2117">gadiem</word>
<word id="word_2118">.</word>
<word id="word_2119">IUB</word>
<word id="word_2120">mājaslapā</word>
<word id="word_2121">lēmums</word>
<word id="word_2122">par</word>
<word id="word_2123">konkursa</word>
<word id="word_2124">rezultātiem</word>
<word id="word_2125">tika</word>
<word id="word_2126">publicēts</word>
<word id="word_2127">2.</word>
<word id="word_2128">janvārī</word>
<word id="word_2129">,</word>
<word id="word_2130">bet</word>
<word id="word_2131">3.</word>
<word id="word_2132">janvārī</word>
<word id="word_2133">Korupcijas</word>
<word id="word_2134">novēršanas</word>
<word id="word_2135">un</word>
<word id="word_2136">apkarošanas</word>
<word id="word_2137">birojs</word>
<word id="word_2138">(</word>
<word id="word_2139">KNAB</word>
<word id="word_2140">)</word>
<word id="word_2141">paziņoja</word>
<word id="word_2142">,</word>
<word id="word_2143">ka</word>
<word id="word_2144">pārbaudīs</word>
<word id="word_2145">amatpersonu</word>
<word id="word_2146">darbības</word>
<word id="word_2147">tiesiskumu</word>
<word id="word_2148">saistībā</word>
<word id="word_2149">ar</word>
<word id="word_2150">uzņēmuma</word>
<word id="word_2151">"</word>
<word id="word_2152">Rīgas</word>
<word id="word_2153">satiksme</word>
<word id="word_2154">"</word>
<word id="word_2155">izsludinātā</word>
<word id="word_2156">mikroautobusu</word>
<word id="word_2157">pārvadājumu</word>
<word id="word_2158">konkursa</word>
<word id="word_2159">rezultātiem</word>
<word id="word_2160">.</word>
<word id="word_2161">2012.</word>
<word id="word_2162">gada</word>
<word id="word_2163">augustā</word>
<word id="word_2164">izsludinātā</word>
<word id="word_2165">iepirkuma</word>
<word id="word_2166">konkursa</word>
<word id="word_2167">norises</word>
<word id="word_2168">gaitā</word>
<word id="word_2169">IUB</word>
<word id="word_2170">iesniegtas</word>
<word id="word_2171">sešas</word>
<word id="word_2172">sūdzības</word>
<word id="word_2173">,</word>
<word id="word_2174">taču</word>
<word id="word_2175">nevienu</word>
<word id="word_2176">no</word>
<word id="word_2177">tām</word>
<word id="word_2178">IUB</word>
<word id="word_2179">nav</word>
<word id="word_2180">atzinis</word>
<word id="word_2181">par</word>
<word id="word_2182">pamatotu</word>
<word id="word_2183">,</word>
<word id="word_2184">tāpēc</word>
<word id="word_2185">decembrī</word>
<word id="word_2186">atvērti</word>
<word id="word_2187">divi</word>
<word id="word_2188">iesniegtie</word>
<word id="word_2189">piedāvājumi</word>
<word id="word_2190">un</word>
<word id="word_2191">par</word>
<word id="word_2192">uzvarētāju</word>
<word id="word_2193">atzīta</word>
<word id="word_2194">pilnsabiedrība</word>
<word id="word_2195">"</word>
<word id="word_2196">Rīgas</word>
<word id="word_2197">mikroautobusu</word>
<word id="word_2198">satiksme</word>
<word id="word_2199">"</word>
<word id="word_2200">.</word>
<word id="word_2201">Otrs</word>
<word id="word_2202">pretendentu</word>
<word id="word_2203">piedāvājums</word>
<word id="word_2204">,</word>
<word id="word_2205">kurā</word>
<word id="word_2206">apvienojušies</word>
<word id="word_2207">trīs</word>
<word id="word_2208">esošie</word>
<word id="word_2209">pakalpojuma</word>
<word id="word_2210">sniedzēji</word>
<word id="word_2211">-</word>
<word id="word_2212">SIA</word>
<word id="word_2213">"</word>
<word id="word_2214">Plants</word>
<word id="word_2215">"</word>
<word id="word_2216">,</word>
<word id="word_2217">"</word>
<word id="word_2218">Centība-N</word>
<word id="word_2219">"</word>
<word id="word_2220">un</word>
<word id="word_2221">"</word>
<word id="word_2222">DMK</word>
<word id="word_2223">"</word>
<word id="word_2224">-</word>
<word id="word_2225">tika</word>
<word id="word_2226">noraidīts</word>
<word id="word_2227">,</word>
<word id="word_2228">jo</word>
<word id="word_2229">saskaņā</word>
<word id="word_2230">ar</word>
<word id="word_2231">konkursa</word>
<word id="word_2232">nolikumu</word>
<word id="word_2233">netika</word>
<word id="word_2234">iesniegti</word>
<word id="word_2235">visi</word>
<word id="word_2236">nepieciešamie</word>
<word id="word_2237">dokumenti</word>
<word id="word_2238">pretendentu</word>
<word id="word_2239">atlasei</word>
<word id="word_2240">,</word>
<word id="word_2241">bet</word>
<word id="word_2242">atsevišķi</word>
<word id="word_2243">iesniegtie</word>
<word id="word_2244">dokumenti</word>
<word id="word_2245">neatbilda</word>
<word id="word_2246">nolikumam</word>
<word id="word_2247">.</word>
<word id="word_2248">Uzņēmēji</word>
<word id="word_2249">,</word>
<word id="word_2250">kuru</word>
<word id="word_2251">piedāvājums</word>
<word id="word_2252">tika</word>
<word id="word_2253">noraidīts</word>
<word id="word_2254">,</word>
<word id="word_2255">vērsušies</word>
<word id="word_2256">ar</word>
<word id="word_2257">sūdzību</word>
<word id="word_2258">IUB</word>
<word id="word_2259">.</word>
<word id="word_2260">"</word>
<word id="word_2261">Centība</word>
<word id="word_2262">N</word>
<word id="word_2263">"</word>
<word id="word_2264">pārstāve</word>
<word id="word_2265">Jeļena</word>
<word id="word_2266">Cvetanoviča</word>
<word id="word_2267">norādīja</word>
<word id="word_2268">,</word>
<word id="word_2269">ka</word>
<word id="word_2270">uzņēmums</word>
<word id="word_2271">paziņojumu</word>
<word id="word_2272">no</word>
<word id="word_2273">"</word>
<word id="word_2274">Rīgas</word>
<word id="word_2275">satiksmes</word>
<word id="word_2276">"</word>
<word id="word_2277">par</word>
<word id="word_2278">piedāvājuma</word>
<word id="word_2279">noraidīšanu</word>
<word id="word_2280">saņēmis</word>
<word id="word_2281">tikai</word>
<word id="word_2282">3.</word>
<word id="word_2283">janvārī</word>
<word id="word_2284">.</word>
<word id="word_2285">Lēmums</word>
<word id="word_2286">esot</word>
<word id="word_2287">datēts</word>
<word id="word_2288">ar</word>
<word id="word_2289">20.</word>
<word id="word_2290">decembri</word>
<word id="word_2291">,</word>
<word id="word_2292">un</word>
<word id="word_2293">"</word>
<word id="word_2294">Rīgas</word>
<word id="word_2295">satiksme</word>
<word id="word_2296">"</word>
<word id="word_2297">esot</word>
<word id="word_2298">informējusi</word>
<word id="word_2299">,</word>
<word id="word_2300">ka</word>
<word id="word_2301">tas</word>
<word id="word_2302">21.</word>
<word id="word_2303">decembrī</word>
<word id="word_2304">nosūtīts</word>
<word id="word_2305">pa</word>
<word id="word_2306">faksu</word>
<word id="word_2307">.</word>
<word id="word_2308">Vienlaikus</word>
<word id="word_2309">uzņēmuma</word>
<word id="word_2310">vadība</word>
<word id="word_2311">to</word>
<word id="word_2312">nav</word>
<word id="word_2313">saņēmusi</word>
<word id="word_2314">nekādā</word>
<word id="word_2315">veidā</word>
<word id="word_2316">.</word>
<word id="word_2317">Tādējādi</word>
<word id="word_2318">"</word>
<word id="word_2319">Rīgas</word>
<word id="word_2320">satiksme</word>
<word id="word_2321">"</word>
<word id="word_2322">neesot</word>
<word id="word_2323">ievērojusi</word>
<word id="word_2324">procedūru</word>
<word id="word_2325">,</word>
<word id="word_2326">kura</word>
<word id="word_2327">nosaka</word>
<word id="word_2328">,</word>
<word id="word_2329">ka</word>
<word id="word_2330">konkursa</word>
<word id="word_2331">rezultātus</word>
<word id="word_2332">dalībniekiem</word>
<word id="word_2333">nosūta</word>
<word id="word_2334">vai nu</word>
<word id="word_2335">pa</word>
<word id="word_2336">pastu</word>
<word id="word_2337">,</word>
<word id="word_2338">vai</word>
<word id="word_2339">faksu</word>
<word id="word_2340">,</word>
<word id="word_2341">bet</word>
<word id="word_2342">ar</word>
<word id="word_2343">apstiprinājumu</word>
<word id="word_2344">.</word>
<word id="word_2345">Kopumā</word>
<word id="word_2346">konkursa</word>
<word id="word_2347">uzvarētājam</word>
<word id="word_2348">būs</word>
<word id="word_2349">jānodrošina</word>
<word id="word_2350">pakalpojuma</word>
<word id="word_2351">sniegšana</word>
<word id="word_2352">Rīgas</word>
<word id="word_2353">pilsētas</word>
<word id="word_2354">maršrutu</word>
<word id="word_2355">tīkla</word>
<word id="word_2356">daļā</word>
<word id="word_2357">,</word>
<word id="word_2358">ko</word>
<word id="word_2359">kopumā</word>
<word id="word_2360">veido</word>
<word id="word_2361">35</word>
<word id="word_2362">maršruti</word>
<word id="word_2363">Rīgas</word>
<word id="word_2364">pilsētā</word>
<word id="word_2365">ar</word>
<word id="word_2366">atšķirīgu</word>
<word id="word_2367">kursēšanas</word>
<word id="word_2368">intervālu</word>
<word id="word_2369">atkarībā</word>
<word id="word_2370">no</word>
<word id="word_2371">noslogojuma</word>
<word id="word_2372">.</word>
<word id="word_2373">Patlaban</word>
<word id="word_2374">par</word>
<word id="word_2375">pārvadājumiem</word>
<word id="word_2376">mikroautobusos</word>
<word id="word_2377">noslēgti</word>
<word id="word_2378">pagaidu</word>
<word id="word_2379">līgumi</word>
<word id="word_2380">.</word>
<word id="word_2381">Autotransporta</word>
<word id="word_2382">direkcijas</word>
<word id="word_2383">(</word>
<word id="word_2384">ATD</word>
<word id="word_2385">)</word>
<word id="word_2386">valde</word>
<word id="word_2387">ir</word>
<word id="word_2388">pieņēmusi</word>
<word id="word_2389">lēmumu</word>
<word id="word_2390">slēgt</word>
<word id="word_2391">līgumu</word>
<word id="word_2392">ar</word>
<word id="word_2393">AS</word>
<word id="word_2394">"</word>
<word id="word_2395">Liepājas</word>
<word id="word_2396">Autobusu</word>
<word id="word_2397">parks</word>
<word id="word_2398">"</word>
<word id="word_2399">un</word>
<word id="word_2400">SIA</word>
<word id="word_2401">"</word>
<word id="word_2402">Sabiedriskais</word>
<word id="word_2403">autobuss</word>
<word id="word_2404">"</word>
<word id="word_2405">par</word>
<word id="word_2406">sabiedriskā</word>
<word id="word_2407">transporta</word>
<word id="word_2408">pakalpojumu</word>
<word id="word_2409">nodrošināšanu</word>
<word id="word_2410">maršrutos</word>
<word id="word_2411">,</word>
<word id="word_2412">kuri</word>
<word id="word_2413">iekļauti</word>
<word id="word_2414">lotē</word>
<word id="word_2415">"</word>
<word id="word_2416">Centrs-1</word>
<word id="word_2417">"</word>
<word id="word_2418">,</word>
<word id="word_2419">arī</word>
<word id="word_2420">maršrutā</word>
<word id="word_2421">Rīga-Bauska</word>
<word id="word_2422">.</word>
<word id="word_2423">Līgumi</word>
<word id="word_2424">ar</word>
<word id="word_2425">pārvadātājiem</word>
<word id="word_2426">tiks</word>
<word id="word_2427">slēgti</word>
<word id="word_2428">uz</word>
<word id="word_2429">laiku</word>
<word id="word_2430">no</word>
<word id="word_2431">2013.</word>
<word id="word_2432">gada</word>
<word id="word_2433">1.</word>
<word id="word_2434">februāra</word>
<word id="word_2435">līdz</word>
<word id="word_2436">tiesvedības</word>
<word id="word_2437">beigām</word>
<word id="word_2438">vai</word>
<word id="word_2439">jauna</word>
<word id="word_2440">konkursa</word>
<word id="word_2441">noslēgumam</word>
<word id="word_2442">,</word>
<word id="word_2443">bet</word>
<word id="word_2444">ne</word>
<word id="word_2445">ilgāk</word>
<word id="word_2446">kā</word>
<word id="word_2447">uz</word>
<word id="word_2448">diviem</word>
<word id="word_2449">gadiem</word>
<word id="word_2450">.</word>
</words>