<?xml version="1.0" encoding="UTF-8"?>
<!DOCTYPE words SYSTEM "words.dtd">
<words>
<word id="word_1">Kā</word>
<word id="word_2">iespējamais</word>
<word id="word_3">Latvijas</word>
<word id="word_4">nacionālās</word>
<word id="word_5">lidsabiedrības</word>
<word id="word_6">'</word>
<word id="word_7">airBaltic</word>
<word id="word_8">'</word>
<word id="word_9">investors</word>
<word id="word_10">uzrunāta</word>
<word id="word_11">Japānas</word>
<word id="word_12">lielākā</word>
<word id="word_13">aviosabiedrība</word>
<word id="word_14">"</word>
<word id="word_15">All</word>
<word id="word_16">Nippon</word>
<word id="word_17">Airways</word>
<word id="word_18">"</word>
<word id="word_19">(</word>
<word id="word_20">ANA</word>
<word id="word_21">)</word>
<word id="word_22">,</word>
<word id="word_23">portālam</word>
<word id="word_24">"</word>
<word id="word_25">Delfi</word>
<word id="word_26">"</word>
<word id="word_27">apliecināja</word>
<word id="word_28">premjers</word>
<word id="word_29">Valdis</word>
<word id="word_30">Dombrovskis</word>
<word id="word_31">(</word>
<word id="word_32">V</word>
<word id="word_33">)</word>
<word id="word_34">.</word>
<word id="word_35">Lai</word>
<word id="word_36">runātu</word>
<word id="word_37">par</word>
<word id="word_38">iespējamo</word>
<word id="word_39">sadarbību</word>
<word id="word_40">,</word>
<word id="word_41">Latvijas</word>
<word id="word_42">delegācija</word>
<word id="word_43">jau</word>
<word id="word_44">tikusies</word>
<word id="word_45">ar</word>
<word id="word_46">divām</word>
<word id="word_47">lielākajām</word>
<word id="word_48">Japānas</word>
<word id="word_49">aviokompānijām</word>
<word id="word_50">–</word>
<word id="word_51">ANA</word>
<word id="word_52">un</word>
<word id="word_53">"</word>
<word id="word_54">JAL</word>
<word id="word_55">Japan</word>
<word id="word_56">Airlines</word>
<word id="word_57">"</word>
<word id="word_58">.</word>
<word id="word_59">Tikšanos</word>
<word id="word_60">mērķis</word>
<word id="word_61">bijis</word>
<word id="word_62">prezentēt</word>
<word id="word_63">Latvijas</word>
<word id="word_64">tranzīta</word>
<word id="word_65">koridora</word>
<word id="word_66">priekšrocības</word>
<word id="word_67">Japānas</word>
<word id="word_68">precēm</word>
<word id="word_69">un</word>
<word id="word_70">preču</word>
<word id="word_71">transportam</word>
<word id="word_72">uz</word>
<word id="word_73">Krieviju</word>
<word id="word_74">un</word>
<word id="word_75">citām</word>
<word id="word_76">NVS</word>
<word id="word_77">valstīm</word>
<word id="word_78">,</word>
<word id="word_79">kā arī</word>
<word id="word_80">iespējamā</word>
<word id="word_81">sadarbība</word>
<word id="word_82">aviācijas</word>
<word id="word_83">jomā</word>
<word id="word_84">.</word>
<word id="word_85">No</word>
<word id="word_86">"</word>
<word id="word_87">ariBaltic</word>
<word id="word_88">"</word>
<word id="word_89">puses</word>
<word id="word_90">izteikti</word>
<word id="word_91">priekšlikumi</word>
<word id="word_92">gan</word>
<word id="word_93">par</word>
<word id="word_94">sadarbību</word>
<word id="word_95">aviosabiedrību</word>
<word id="word_96">starpā</word>
<word id="word_97">ar</word>
<word id="word_98">kopīgiem</word>
<word id="word_99">maršrutiem</word>
<word id="word_100">,</word>
<word id="word_101">gan</word>
<word id="word_102">potenciāli</word>
<word id="word_103">par</word>
<word id="word_104">vienošanos</word>
<word id="word_105">un</word>
<word id="word_106">investīcijām</word>
<word id="word_107">"</word>
<word id="word_108">airBaltic</word>
<word id="word_109">"</word>
<word id="word_110">.</word>
<word id="word_111">Dombrovskis</word>
<word id="word_112">gan</word>
<word id="word_113">norādīja</word>
<word id="word_114">,</word>
<word id="word_115">ka</word>
<word id="word_116">Japānā</word>
<word id="word_117">lietišķā</word>
<word id="word_118">etiķete</word>
<word id="word_119">esot</word>
<word id="word_120">mazliet</word>
<word id="word_121">citāda</word>
<word id="word_122">,</word>
<word id="word_123">tāpēc</word>
<word id="word_124">konkrētas</word>
<word id="word_125">biznesa</word>
<word id="word_126">sarunas</word>
<word id="word_127">sākšoties</word>
<word id="word_128">tikai</word>
<word id="word_129">otrdien</word>
<word id="word_130">.</word>
<word id="word_131">Viņš</word>
<word id="word_132">apliecināja</word>
<word id="word_133">,</word>
<word id="word_134">ka</word>
<word id="word_135">kā</word>
<word id="word_136">iespējamais</word>
<word id="word_137">investors</word>
<word id="word_138">no</word>
<word id="word_139">"</word>
<word id="word_140">airBaltic</word>
<word id="word_141">"</word>
<word id="word_142">un</word>
<word id="word_143">piesaistītā</word>
<word id="word_144">konsultanta</word>
<word id="word_145">"</word>
<word id="word_146">Prudentija</word>
<word id="word_147">"</word>
<word id="word_148">puses</word>
<word id="word_149">tikšot</word>
<word id="word_150">uzrunāta</word>
<word id="word_151">ANA</word>
<word id="word_152">,</word>
<word id="word_153">savukārt</word>
<word id="word_154">ar</word>
<word id="word_155">"</word>
<word id="word_156">JAL</word>
<word id="word_157">Japan</word>
<word id="word_158">Airlines</word>
<word id="word_159">"</word>
<word id="word_160">tiks</word>
<word id="word_161">runāts</word>
<word id="word_162">par</word>
<word id="word_163">sadarbību</word>
<word id="word_164">jaunu</word>
<word id="word_165">maršrutu</word>
<word id="word_166">jomā</word>
<word id="word_167">.</word>
<word id="word_168">Tikai</word>
<word id="word_169">pēc</word>
<word id="word_170">ekspertu</word>
<word id="word_171">sarunām</word>
<word id="word_172">būšot</word>
<word id="word_173">skaidrs</word>
<word id="word_174">,</word>
<word id="word_175">cik</word>
<word id="word_176">lielā</word>
<word id="word_177">mērā</word>
<word id="word_178">Japānas</word>
<word id="word_179">puse</word>
<word id="word_180">ir</word>
<word id="word_181">ieinteresēta</word>
<word id="word_182">investīcijām</word>
<word id="word_183">,</word>
<word id="word_184">skaidroja</word>
<word id="word_185">premjers</word>
<word id="word_186">.</word>
<word id="word_187">Dombrovskis</word>
<word id="word_188">devies</word>
<word id="word_189">uz</word>
<word id="word_190">Japānu</word>
<word id="word_191">,</word>
<word id="word_192">lai</word>
<word id="word_193">meklētu</word>
<word id="word_194">jaunas</word>
<word id="word_195">iespējas</word>
<word id="word_196">sadarbības</word>
<word id="word_197">paplašināšanai</word>
<word id="word_198">ekonomikā</word>
<word id="word_199">un</word>
<word id="word_200">aktualizētu</word>
<word id="word_201">Latvijas</word>
<word id="word_202">mērķi</word>
<word id="word_203">iestāties</word>
<word id="word_204">Ekonomiskās</word>
<word id="word_205">sadarbības</word>
<word id="word_206">un</word>
<word id="word_207">attīstības</word>
<word id="word_208">organizācijā</word>
<word id="word_209">(</word>
<word id="word_210">OECD</word>
<word id="word_211">)</word>
<word id="word_212">.</word>
<word id="word_213">Premjers</word>
<word id="word_214">tikies</word>
<word id="word_215">ar</word>
<word id="word_216">Japānas</word>
<word id="word_217">valsts</word>
<word id="word_218">amatpersonām</word>
<word id="word_219">un</word>
<word id="word_220">uzņēmējiem</word>
<word id="word_221">.</word>
<word id="word_222">Tiekoties</word>
<word id="word_223">ar</word>
<word id="word_224">amatpersonām</word>
<word id="word_225">,</word>
<word id="word_226">premjers</word>
<word id="word_227">pārrunās</word>
<word id="word_228">arī</word>
<word id="word_229">Latvijas</word>
<word id="word_230">un</word>
<word id="word_231">Japānas</word>
<word id="word_232">divpusējās</word>
<word id="word_233">politiskās</word>
<word id="word_234">attiecības</word>
<word id="word_235">,</word>
<word id="word_236">tostarp</word>
<word id="word_237">sadarbību</word>
<word id="word_238">starptautiskajās</word>
<word id="word_239">organizācijās</word>
<word id="word_240">,</word>
<word id="word_241">kultūras</word>
<word id="word_242">un</word>
<word id="word_243">izglītības</word>
<word id="word_244">jomās</word>
<word id="word_245">.</word>
<word id="word_246">Dombrovskim</word>
<word id="word_247">plānotas</word>
<word id="word_248">tikšanās</word>
<word id="word_249">ar</word>
<word id="word_250">Japānas</word>
<word id="word_251">premjerministru</word>
<word id="word_252">Šinzo</word>
<word id="word_253">Abi</word>
<word id="word_254">un</word>
<word id="word_255">zemes</word>
<word id="word_256">infrastruktūras</word>
<word id="word_257">,</word>
<word id="word_258">transporta</word>
<word id="word_259">un</word>
<word id="word_260">tūrisma</word>
<word id="word_261">ministru</word>
<word id="word_262">Akihiro</word>
<word id="word_263">Ohtu</word>
<word id="word_264">.</word>
<word id="word_265">Ministru</word>
<word id="word_266">prezidentu</word>
<word id="word_267">uzņems</word>
<word id="word_268">arī</word>
<word id="word_269">Japānas</word>
<word id="word_270">parlamentā</word>
<word id="word_271">Latvijas</word>
<word id="word_272">–</word>
<word id="word_273">Japānas</word>
<word id="word_274">sadraudzības</word>
<word id="word_275">biedrības</word>
<word id="word_276">vadītājs</word>
<word id="word_277">Hirofumi</word>
<word id="word_278">Nakasone</word>
<word id="word_279">.</word>
<word id="word_280">Ministru</word>
<word id="word_281">prezidentu</word>
<word id="word_282">vizītē</word>
<word id="word_283">uz</word>
<word id="word_284">Japānu</word>
<word id="word_285">pavada</word>
<word id="word_286">Latvijas</word>
<word id="word_287">uzņēmēju</word>
<word id="word_288">delegācija</word>
<word id="word_289">,</word>
<word id="word_290">kas</word>
<word id="word_291">pārstāvēs</word>
<word id="word_292">pārtikas</word>
<word id="word_293">ražošanas</word>
<word id="word_294">,</word>
<word id="word_295">dabisko</word>
<word id="word_296">šķiedru</word>
<word id="word_297">,</word>
<word id="word_298">lauksaimniecības</word>
<word id="word_299">,</word>
<word id="word_300">rūpniecisko</word>
<word id="word_301">iekārtu</word>
<word id="word_302">ražošanas</word>
<word id="word_303">,</word>
<word id="word_304">konsultāciju</word>
<word id="word_305">un</word>
<word id="word_306">finanšu</word>
<word id="word_307">nozares</word>
<word id="word_308">,</word>
<word id="word_309">kā arī</word>
<word id="word_310">transporta</word>
<word id="word_311">un</word>
<word id="word_312">loģistikas</word>
<word id="word_313">jomu</word>
<word id="word_314">,</word>
<word id="word_315">ko</word>
<word id="word_316">pārstāvēs</word>
<word id="word_317">arī</word>
<word id="word_318">Liepājas</word>
<word id="word_319">speciālās</word>
<word id="word_320">ekonomiskās</word>
<word id="word_321">zonas</word>
<word id="word_322">pārvalde</word>
<word id="word_323">.</word>
</words>