<?xml version="1.0" encoding="UTF-8"?>
<!DOCTYPE words SYSTEM "words.dtd">
<words>
<word id="word_1">Kā</word>
<word id="word_2">iespējamais</word>
<word id="word_3">Latvijas</word>
<word id="word_4">nacionālās</word>
<word id="word_5">lidsabiedrības</word>
<word id="word_6">'</word>
<word id="word_7">airBaltic</word>
<word id="word_8">'</word>
<word id="word_9">investors</word>
<word id="word_10">uzrunāta</word>
<word id="word_11">Japānas</word>
<word id="word_12">lielākā</word>
<word id="word_13">aviosabiedrība</word>
<word id="word_14">"</word>
<word id="word_15">All</word>
<word id="word_16">Nippon</word>
<word id="word_17">Airways</word>
<word id="word_18">"</word>
<word id="word_19">(</word>
<word id="word_20">ANA</word>
<word id="word_21">)</word>
<word id="word_22">,</word>
<word id="word_23">portālam</word>
<word id="word_24">"</word>
<word id="word_25">Delfi</word>
<word id="word_26">"</word>
<word id="word_27">apliecināja</word>
<word id="word_28">premjers</word>
<word id="word_29">Valdis</word>
<word id="word_30">Dombrovskis</word>
<word id="word_31">(</word>
<word id="word_32">V</word>
<word id="word_33">)</word>
<word id="word_34">.</word>
<word id="word_35">Lai</word>
<word id="word_36">runātu</word>
<word id="word_37">par</word>
<word id="word_38">iespējamo</word>
<word id="word_39">sadarbību</word>
<word id="word_40">,</word>
<word id="word_41">Latvijas</word>
<word id="word_42">delegācija</word>
<word id="word_43">jau</word>
<word id="word_44">tikusies</word>
<word id="word_45">ar</word>
<word id="word_46">divām</word>
<word id="word_47">lielākajām</word>
<word id="word_48">Japānas</word>
<word id="word_49">aviokompānijām</word>
<word id="word_50">–</word>
<word id="word_51">ANA</word>
<word id="word_52">un</word>
<word id="word_53">"</word>
<word id="word_54">JAL</word>
<word id="word_55">Japan</word>
<word id="word_56">Airlines</word>
<word id="word_57">"</word>
<word id="word_58">.</word>
<word id="word_59">Tikšanos</word>
<word id="word_60">mērķis</word>
<word id="word_61">bijis</word>
<word id="word_62">prezentēt</word>
<word id="word_63">Latvijas</word>
<word id="word_64">tranzīta</word>
<word id="word_65">koridora</word>
<word id="word_66">priekšrocības</word>
<word id="word_67">Japānas</word>
<word id="word_68">precēm</word>
<word id="word_69">un</word>
<word id="word_70">preču</word>
<word id="word_71">transportam</word>
<word id="word_72">uz</word>
<word id="word_73">Krieviju</word>
<word id="word_74">un</word>
<word id="word_75">citām</word>
<word id="word_76">NVS</word>
<word id="word_77">valstīm</word>
<word id="word_78">,</word>
<word id="word_79">kā</word>
<word id="word_80">arī</word>
<word id="word_81">iespējamā</word>
<word id="word_82">sadarbība</word>
<word id="word_83">aviācijas</word>
<word id="word_84">jomā</word>
<word id="word_85">.</word>
<word id="word_86">No</word>
<word id="word_87">"</word>
<word id="word_88">ariBaltic</word>
<word id="word_89">"</word>
<word id="word_90">puses</word>
<word id="word_91">izteikti</word>
<word id="word_92">priekšlikumi</word>
<word id="word_93">gan</word>
<word id="word_94">par</word>
<word id="word_95">sadarbību</word>
<word id="word_96">aviosabiedrību</word>
<word id="word_97">starpā</word>
<word id="word_98">ar</word>
<word id="word_99">kopīgiem</word>
<word id="word_100">maršrutiem</word>
<word id="word_101">,</word>
<word id="word_102">gan</word>
<word id="word_103">potenciāli</word>
<word id="word_104">par</word>
<word id="word_105">vienošanos</word>
<word id="word_106">un</word>
<word id="word_107">investīcijām</word>
<word id="word_108">"</word>
<word id="word_109">airBaltic</word>
<word id="word_110">"</word>
<word id="word_111">.</word>
<word id="word_112">Dombrovskis</word>
<word id="word_113">gan</word>
<word id="word_114">norādīja</word>
<word id="word_115">,</word>
<word id="word_116">ka</word>
<word id="word_117">Japānā</word>
<word id="word_118">lietišķā</word>
<word id="word_119">etiķete</word>
<word id="word_120">esot</word>
<word id="word_121">mazliet</word>
<word id="word_122">citāda</word>
<word id="word_123">,</word>
<word id="word_124">tāpēc</word>
<word id="word_125">konkrētas</word>
<word id="word_126">biznesa</word>
<word id="word_127">sarunas</word>
<word id="word_128">sākšoties</word>
<word id="word_129">tikai</word>
<word id="word_130">otrdien</word>
<word id="word_131">.</word>
<word id="word_132">Viņš</word>
<word id="word_133">apliecināja</word>
<word id="word_134">,</word>
<word id="word_135">ka</word>
<word id="word_136">kā</word>
<word id="word_137">iespējamais</word>
<word id="word_138">investors</word>
<word id="word_139">no</word>
<word id="word_140">"</word>
<word id="word_141">airBaltic</word>
<word id="word_142">"</word>
<word id="word_143">un</word>
<word id="word_144">piesaistītā</word>
<word id="word_145">konsultanta</word>
<word id="word_146">"</word>
<word id="word_147">Prudentija</word>
<word id="word_148">"</word>
<word id="word_149">puses</word>
<word id="word_150">tikšot</word>
<word id="word_151">uzrunāta</word>
<word id="word_152">ANA</word>
<word id="word_153">,</word>
<word id="word_154">savukārt</word>
<word id="word_155">ar</word>
<word id="word_156">"</word>
<word id="word_157">JAL</word>
<word id="word_158">Japan</word>
<word id="word_159">Airlines</word>
<word id="word_160">"</word>
<word id="word_161">tiks</word>
<word id="word_162">runāts</word>
<word id="word_163">par</word>
<word id="word_164">sadarbību</word>
<word id="word_165">jaunu</word>
<word id="word_166">maršrutu</word>
<word id="word_167">jomā</word>
<word id="word_168">.</word>
<word id="word_169">Tikai</word>
<word id="word_170">pēc</word>
<word id="word_171">ekspertu</word>
<word id="word_172">sarunām</word>
<word id="word_173">būšot</word>
<word id="word_174">skaidrs</word>
<word id="word_175">,</word>
<word id="word_176">cik</word>
<word id="word_177">lielā</word>
<word id="word_178">mērā</word>
<word id="word_179">Japānas</word>
<word id="word_180">puse</word>
<word id="word_181">ir</word>
<word id="word_182">ieinteresēta</word>
<word id="word_183">investīcijām</word>
<word id="word_184">,</word>
<word id="word_185">skaidroja</word>
<word id="word_186">premjers</word>
<word id="word_187">.</word>
<word id="word_188">Dombrovskis</word>
<word id="word_189">devies</word>
<word id="word_190">uz</word>
<word id="word_191">Japānu</word>
<word id="word_192">,</word>
<word id="word_193">lai</word>
<word id="word_194">meklētu</word>
<word id="word_195">jaunas</word>
<word id="word_196">iespējas</word>
<word id="word_197">sadarbības</word>
<word id="word_198">paplašināšanai</word>
<word id="word_199">ekonomikā</word>
<word id="word_200">un</word>
<word id="word_201">aktualizētu</word>
<word id="word_202">Latvijas</word>
<word id="word_203">mērķi</word>
<word id="word_204">iestāties</word>
<word id="word_205">Ekonomiskās</word>
<word id="word_206">sadarbības</word>
<word id="word_207">un</word>
<word id="word_208">attīstības</word>
<word id="word_209">organizācijā</word>
<word id="word_210">(</word>
<word id="word_211">OECD</word>
<word id="word_212">)</word>
<word id="word_213">.</word>
<word id="word_214">Premjers</word>
<word id="word_215">tikies</word>
<word id="word_216">ar</word>
<word id="word_217">Japānas</word>
<word id="word_218">valsts</word>
<word id="word_219">amatpersonām</word>
<word id="word_220">un</word>
<word id="word_221">uzņēmējiem</word>
<word id="word_222">.</word>
<word id="word_223">Tiekoties</word>
<word id="word_224">ar</word>
<word id="word_225">amatpersonām</word>
<word id="word_226">,</word>
<word id="word_227">premjers</word>
<word id="word_228">pārrunās</word>
<word id="word_229">arī</word>
<word id="word_230">Latvijas</word>
<word id="word_231">un</word>
<word id="word_232">Japānas</word>
<word id="word_233">divpusējās</word>
<word id="word_234">politiskās</word>
<word id="word_235">attiecības</word>
<word id="word_236">,</word>
<word id="word_237">tostarp</word>
<word id="word_238">sadarbību</word>
<word id="word_239">starptautiskajās</word>
<word id="word_240">organizācijās</word>
<word id="word_241">,</word>
<word id="word_242">kultūras</word>
<word id="word_243">un</word>
<word id="word_244">izglītības</word>
<word id="word_245">jomās</word>
<word id="word_246">.</word>
<word id="word_247">Dombrovskim</word>
<word id="word_248">plānotas</word>
<word id="word_249">tikšanās</word>
<word id="word_250">ar</word>
<word id="word_251">Japānas</word>
<word id="word_252">premjerministru</word>
<word id="word_253">Šinzo</word>
<word id="word_254">Abi</word>
<word id="word_255">un</word>
<word id="word_256">zemes</word>
<word id="word_257">infrastruktūras</word>
<word id="word_258">,</word>
<word id="word_259">transporta</word>
<word id="word_260">un</word>
<word id="word_261">tūrisma</word>
<word id="word_262">ministru</word>
<word id="word_263">Akihiro</word>
<word id="word_264">Ohtu</word>
<word id="word_265">.</word>
<word id="word_266">Ministru</word>
<word id="word_267">prezidentu</word>
<word id="word_268">uzņems</word>
<word id="word_269">arī</word>
<word id="word_270">Japānas</word>
<word id="word_271">parlamentā</word>
<word id="word_272">Latvijas</word>
<word id="word_273">–</word>
<word id="word_274">Japānas</word>
<word id="word_275">sadraudzības</word>
<word id="word_276">biedrības</word>
<word id="word_277">vadītājs</word>
<word id="word_278">Hirofumi</word>
<word id="word_279">Nakasone</word>
<word id="word_280">.</word>
<word id="word_281">Ministru</word>
<word id="word_282">prezidentu</word>
<word id="word_283">vizītē</word>
<word id="word_284">uz</word>
<word id="word_285">Japānu</word>
<word id="word_286">pavada</word>
<word id="word_287">Latvijas</word>
<word id="word_288">uzņēmēju</word>
<word id="word_289">delegācija</word>
<word id="word_290">,</word>
<word id="word_291">kas</word>
<word id="word_292">pārstāvēs</word>
<word id="word_293">pārtikas</word>
<word id="word_294">ražošanas</word>
<word id="word_295">,</word>
<word id="word_296">dabisko</word>
<word id="word_297">šķiedru</word>
<word id="word_298">,</word>
<word id="word_299">lauksaimniecības</word>
<word id="word_300">,</word>
<word id="word_301">rūpniecisko</word>
<word id="word_302">iekārtu</word>
<word id="word_303">ražošanas</word>
<word id="word_304">,</word>
<word id="word_305">konsultāciju</word>
<word id="word_306">un</word>
<word id="word_307">finanšu</word>
<word id="word_308">nozares</word>
<word id="word_309">,</word>
<word id="word_310">kā</word>
<word id="word_311">arī</word>
<word id="word_312">transporta</word>
<word id="word_313">un</word>
<word id="word_314">loģistikas</word>
<word id="word_315">jomu</word>
<word id="word_316">,</word>
<word id="word_317">ko</word>
<word id="word_318">pārstāvēs</word>
<word id="word_319">arī</word>
<word id="word_320">Liepājas</word>
<word id="word_321">speciālās</word>
<word id="word_322">ekonomiskās</word>
<word id="word_323">zonas</word>
<word id="word_324">pārvalde</word>
<word id="word_325">.</word>
</words>