{
  "document": {},
  "sentences": [
    {
      "tokens": [
        {
          "index": 1,
          "form": "Pēteris",
          "lemma": "Pēteris",
          "pos": "n",
          "tag": "npmsn2",
          "features": "Galotnes_nr=27|Vārdšķira=Lietvārds|Avota_pamatforma=pēteris|Vārds=Pēteris|Leksēmas_nr=27243|Skaitlis=Vienskaitlis|Lietvārda_tips=Īpašvārds|Minēšana=Nav|Deklinācija=2|Mija=0|Lielo_burtu_lietojums=Sākas_ar_lielo_burtu|Dzimte=Vīriešu|Locījums=Nominatīvs|Pamatforma=Pēteris",
          "parentIndex": 2,
          "namedEntityType": "person"
        },
        {
          "index": 2,
          "form": "Vasks",
          "lemma": "vasks",
          "pos": "n",
          "tag": "ncmsn1",
          "features": "Vārdšķira=Lietvārds|Galotnes_nr=1|Vārds=Vasks|Avota_pamatforma=vasks|Minēšana=Nav|Deklinācija=1|Mija=0|Locījums=Nominatīvs|Pamatforma=vasks|Leksēmas_nr=1901|Skaitlis=Vienskaitlis|Lietvārda_tips=Sugas_vārds|Lielo_burtu_lietojums=Sākas_ar_lielo_burtu|Dzimte=Vīriešu|Avots=Valērija_leksikons",
          "parentIndex": 4,
          "namedEntityType": "person",
          "namedEntityID": 1
        },
        {
          "index": 3,
          "form": "ir",
          "lemma": "būt",
          "pos": "v",
          "tag": "vcnipii30an",
          "features": "Galotnes_nr=1158|Vārdšķira=Darbības_vārds|Konjugācija=Nekārtns|Avota_pamatforma=būt|Vārds=ir|Minēšana=Nav|Mija=0|Laiks=Tagadne|Pamatforma=būt|Leksēmas_nr=28668|Skaitlis=Nepiemīt|Atgriezeniskums=Nē|Izteiksme=Īstenības|Transitivitāte=Nepārejošs|Darbības_vārda_tips=Palīgverbs_'būt'|Persona=3|Noliegums=Nē|Kārta=Darāmā",
          "parentIndex": 4
        },
        {
          "index": 4,
          "form": "komponists",
          "lemma": "komponists",
          "pos": "n",
          "tag": "ncmsn1",
          "features": "Vārdšķira=Lietvārds|Galotnes_nr=1|Vārds=komponists|Avota_pamatforma=komponists|Minēšana=Nav|Deklinācija=1|Mija=0|Locījums=Nominatīvs|Pamatforma=komponists|Leksēmas_nr=4867|Skaitlis=Vienskaitlis|Lietvārda_tips=Sugas_vārds|Dzimte=Vīriešu|Avots=Valērija_leksikons",
          "parentIndex": 0,
          "namedEntityID": 1
        },
        {
          "index": 5,
          "form": ".",
          "lemma": ".",
          "pos": "z",
          "tag": "zs",
          "features": "Vārdšķira=Pieturzīme|Galotnes_nr=1158|Avota_pamatforma=.|Vārds=.|Leksēmas_nr=27194|Minēšana=Nav|Mija=0|Pieturzīmes_tips=Punkts|Pamatforma=.",
          "parentIndex": 4
        }
      ],
      "text": "Pēteris Vasks ir komponists."
    },
    {
      "tokens": [
        {
          "index": 1,
          "form": "Viņš",
          "lemma": "viņš",
          "pos": "p",
          "tag": "pp3msnn",
          "features": "Vārdšķira=Vietniekvārds|Galotnes_nr=2011|Avota_pamatforma=viņš|Vārds=Viņš|Anafora=Nepiemīt|Minēšana=Nav|Mija=0|Locījums=Nominatīvs|Vietniekvārda_tips=Personu|Pamatforma=viņš|Leksēmas_nr=27895|Skaitlis=Vienskaitlis|Lielo_burtu_lietojums=Sākas_ar_lielo_burtu|Dzimte=Vīriešu|Noliegums=Nē|Persona=3",
          "parentIndex": 3,
          "namedEntityID": 2
        },
        {
          "index": 2,
          "form": "savos",
          "lemma": "savs",
          "pos": "p",
          "tag": "ps0mpln",
          "features": "Vārdšķira=Vietniekvārds|Galotnes_nr=2011|Avota_pamatforma=savs|Vārds=savos|Anafora=Nepiemīt|Minēšana=Nav|Mija=0|Locījums=Lokatīvs|Vietniekvārda_tips=Piederības|Pamatforma=savs|Leksēmas_nr=28226|Skaitlis=Daudzskaitlis|Dzimte=Vīriešu|Noliegums=Nē|Persona=Nepiemīt",
          "parentIndex": 3,
          "namedEntityID": 3
        },
        {
          "index": 3,
          "form": "darbos",
          "lemma": "darbs",
          "pos": "n",
          "tag": "ncmpl1",
          "features": "Vārdšķira=Lietvārds|Galotnes_nr=12|Vārds=darbos|Avota_pamatforma=darbs|Minēšana=Nav|Deklinācija=1|Mija=0|Locījums=Lokatīvs|Pamatforma=darbs|Leksēmas_nr=1340|Skaitlis=Daudzskaitlis|Lietvārda_tips=Sugas_vārds|Dzimte=Vīriešu|Avots=Valērija_leksikons",
          "parentIndex": 0
        },
        {
          "index": 4,
          "form": "plaši",
          "lemma": "plaši",
          "pos": "r",
          "tag": "r__",
          "features": "Īpašības_vārda_tips=Kādības|Galotnes_nr=179|Vārdšķira=Apstākļa_vārds|Avota_pamatforma=plašs|Vārds=plaši|Leksēmas_nr=20051|Minēšana=Nav|Mija=0|Avots=Valērija_leksikons|Pamatforma=plaši",
          "parentIndex": 5
        },
        {
          "index": 5,
          "form": "izmantojis",
          "lemma": "izmantot",
          "pos": "v",
          "tag": "vmnpdmsnasn",
          "features": "Galotnes_nr=298|Konjugācija=2|Vārdšķira=Darbības_vārds|Avota_pamatforma=izmantot|Vārds=izmantojis|Minēšana=Nav|Mija=0|Locījums=Nominatīvs|Pamatforma=izmantot|Laiks=Pagātne|Leksēmas_nr=21253|Skaitlis=Vienskaitlis|Atgriezeniskums=Nē|Noteiktība=Nenoteiktā|Izteiksme=Divdabis|Transitivitāte=Pārejošs|Darbības_vārda_tips=Patstāvīgs_darbības_vārds|Dzimte=Vīriešu|Noliegums=Nē|Avots=Valērija_leksikons|Lokāmība=Lokāms|Kārta=Darāmā",
          "parentIndex": 3
        },
        {
          "index": 6,
          "form": "dabas",
          "lemma": "daba",
          "pos": "n",
          "tag": "ncfsg4",
          "features": "Vārdšķira=Lietvārds|Galotnes_nr=76|Vārds=dabas|Avota_pamatforma=daba|Minēšana=Nav|Deklinācija=4|Mija=0|Locījums=Ģenitīvs|Pamatforma=daba|Leksēmas_nr=8870|Skaitlis=Vienskaitlis|Lietvārda_tips=Sugas_vārds|Dzimte=Sieviešu|Avots=Valērija_leksikons",
          "parentIndex": 5
        },
        {
          "index": 7,
          "form": "un",
          "lemma": "un",
          "pos": "c",
          "tag": "ccs",
          "features": "Galotnes_nr=1197|Vārdšķira=Saiklis|Avota_pamatforma=un|Vārds=un|Leksēmas_nr=26718|Minēšana=Nav|Saikļa_tips=Sakārtojuma|Uzbūve=Vienkāršs|Mija=0|Pamatforma=un",
          "parentIndex": 6
        },
        {
          "index": 8,
          "form": "tautiskuma",
          "lemma": "tautiskums",
          "pos": "n",
          "tag": "ncmsg1",
          "features": "Vārdšķira=Lietvārds|Galotnes_nr=2|Vārds=tautiskuma|Avota_pamatforma=tautiskums|Minēšana=Nav|Deklinācija=1|Mija=0|Locījums=Ģenitīvs|Pamatforma=tautiskums|Leksēmas_nr=886|Skaitlis=Vienskaitlis|Lietvārda_tips=Sugas_vārds|Dzimte=Vīriešu|Avots=Valērija_leksikons",
          "parentIndex": 9
        },
        {
          "index": 9,
          "form": "motīvus",
          "lemma": "motīvs",
          "pos": "n",
          "tag": "ncmpa1",
          "features": "Vārdšķira=Lietvārds|Galotnes_nr=11|Vārds=motīvus|Avota_pamatforma=motīvs|Minēšana=Nav|Deklinācija=1|Mija=0|Locījums=Akuzatīvs|Pamatforma=motīvs|Leksēmas_nr=5149|Skaitlis=Daudzskaitlis|Lietvārda_tips=Sugas_vārds|Dzimte=Vīriešu|Avots=Valērija_leksikons",
          "parentIndex": 7
        },
        {
          "index": 10,
          "form": ".",
          "lemma": ".",
          "pos": "z",
          "tag": "zs",
          "features": "Vārdšķira=Pieturzīme|Galotnes_nr=1158|Avota_pamatforma=.|Vārds=.|Leksēmas_nr=27194|Minēšana=Nav|Mija=0|Pieturzīmes_tips=Punkts|Pamatforma=.",
          "parentIndex": 5
        }
      ],
      "text": "Viņš savos darbos plaši izmantojis dabas un tautiskuma motīvus."
    }
  ],
  "namedEntities": {
    "1": {
      "id": 1,
      "aliases": [
        "Vasks",
        "komponists"
      ],
      "type": "person"
    },
    "2": {
      "id": 2,
      "aliases": [
        "Viņš"
      ],
      "type": "person"
    },
    "3": {
      "id": 3,
      "aliases": [
        "savos"
      ],
      "type": "person"
    }
  }
}