{"document":{},"sentences":[{"text":"Pēteris Vasks ir komponists .","tokens":[{"lemma":"Pēteris","index":1,"namedEntityType":"person","parentIndex":2,"form":"Pēteris","tag":"npmsn2","features":"Galotnes_nr=27|Vārdšķira=Lietvārds|Avota_pamatforma=pēteris|Vārds=Pēteris|Leksēmas_nr=27243|Skaitlis=Vienskaitlis|Lietvārda_tips=Īpašvārds|Minēšana=Nav|Deklinācija=2|Mija=0|Lielo_burtu_lietojums=Sākas_ar_lielo_burtu|Dzimte=Vīriešu|Locījums=Nominatīvs|Pamatforma=Pēteris","pos":"n"},{"lemma":"vasks","index":2,"namedEntityType":"person","parentIndex":4,"form":"Vasks","tag":"ncmsn1","features":"Vārdšķira=Lietvārds|Galotnes_nr=1|Vārds=Vasks|Avota_pamatforma=vasks|Minēšana=Nav|Deklinācija=1|Mija=0|Locījums=Nominatīvs|Pamatforma=vasks|Leksēmas_nr=1901|Skaitlis=Vienskaitlis|Lietvārda_tips=Sugas_vārds|Lielo_burtu_lietojums=Sākas_ar_lielo_burtu|Dzimte=Vīriešu|Avots=Valērija_leksikons","namedEntityID":1,"pos":"n"},{"lemma":"būt","index":3,"parentIndex":4,"form":"ir","tag":"vcnipii30an","features":"Galotnes_nr=1158|Vārdšķira=Darbības_vārds|Konjugācija=Nekārtns|Avota_pamatforma=būt|Vārds=ir|Minēšana=Nav|Mija=0|Laiks=Tagadne|Pamatforma=būt|Leksēmas_nr=28668|Skaitlis=Nepiemīt|Atgriezeniskums=Nē|Izteiksme=Īstenības|Transitivitāte=Nepārejošs|Darbības_vārda_tips=Palīgverbs_'būt'|Persona=3|Noliegums=Nē|Kārta=Darāmā","pos":"v"},{"lemma":"komponists","index":4,"parentIndex":0,"form":"komponists","tag":"ncmsn1","features":"Vārdšķira=Lietvārds|Galotnes_nr=1|Vārds=komponists|Avota_pamatforma=komponists|Minēšana=Nav|Deklinācija=1|Mija=0|Locījums=Nominatīvs|Pamatforma=komponists|Leksēmas_nr=4867|Skaitlis=Vienskaitlis|Lietvārda_tips=Sugas_vārds|Dzimte=Vīriešu|Avots=Valērija_leksikons","namedEntityID":1,"pos":"n"}]},{"text":"Viņš savos darbos plaši izmantojis dabas un tautiskuma motīvus .","tokens":[{"lemma":"viņš","index":1,"parentIndex":3,"form":"Viņš","tag":"pp3msnn","features":"Vārdšķira=Vietniekvārds|Galotnes_nr=2011|Avota_pamatforma=viņš|Vārds=Viņš|Anafora=Nepiemīt|Minēšana=Nav|Mija=0|Locījums=Nominatīvs|Vietniekvārda_tips=Personu|Pamatforma=viņš|Leksēmas_nr=27895|Skaitlis=Vienskaitlis|Lielo_burtu_lietojums=Sākas_ar_lielo_burtu|Dzimte=Vīriešu|Noliegums=Nē|Persona=3","namedEntityID":1,"pos":"p"},{"lemma":"savs","index":2,"parentIndex":3,"form":"savos","tag":"ps0mpln","features":"Vārdšķira=Vietniekvārds|Galotnes_nr=2011|Avota_pamatforma=savs|Vārds=savos|Anafora=Nepiemīt|Minēšana=Nav|Mija=0|Locījums=Lokatīvs|Vietniekvārda_tips=Piederības|Pamatforma=savs|Leksēmas_nr=28226|Skaitlis=Daudzskaitlis|Dzimte=Vīriešu|Noliegums=Nē|Persona=Nepiemīt","namedEntityID":1,"pos":"p"},{"lemma":"darbs","index":3,"parentIndex":0,"form":"darbos","tag":"ncmpl1","features":"Vārdšķira=Lietvārds|Galotnes_nr=12|Vārds=darbos|Avota_pamatforma=darbs|Minēšana=Nav|Deklinācija=1|Mija=0|Locījums=Lokatīvs|Pamatforma=darbs|Leksēmas_nr=1340|Skaitlis=Daudzskaitlis|Lietvārda_tips=Sugas_vārds|Dzimte=Vīriešu|Avots=Valērija_leksikons","pos":"n"},{"lemma":"plaši","index":4,"parentIndex":5,"form":"plaši","tag":"r__","features":"Īpašības_vārda_tips=Kādības|Galotnes_nr=179|Vārdšķira=Apstākļa_vārds|Avota_pamatforma=plašs|Vārds=plaši|Leksēmas_nr=20051|Minēšana=Nav|Mija=0|Avots=Valērija_leksikons|Pamatforma=plaši","pos":"r"},{"lemma":"izmantot","index":5,"parentIndex":3,"form":"izmantojis","tag":"vmnpdmsnasn","features":"Galotnes_nr=298|Konjugācija=2|Vārdšķira=Darbības_vārds|Avota_pamatforma=izmantot|Vārds=izmantojis|Minēšana=Nav|Mija=0|Locījums=Nominatīvs|Pamatforma=izmantot|Laiks=Pagātne|Leksēmas_nr=21253|Skaitlis=Vienskaitlis|Atgriezeniskums=Nē|Noteiktība=Nenoteiktā|Izteiksme=Divdabis|Transitivitāte=Pārejošs|Darbības_vārda_tips=Patstāvīgs_darbības_vārds|Dzimte=Vīriešu|Noliegums=Nē|Avots=Valērija_leksikons|Lokāmība=Lokāms|Kārta=Darāmā","pos":"v"},{"lemma":"daba","index":6,"parentIndex":5,"form":"dabas","tag":"ncfsg4","features":"Vārdšķira=Lietvārds|Galotnes_nr=76|Vārds=dabas|Avota_pamatforma=daba|Minēšana=Nav|Deklinācija=4|Mija=0|Locījums=Ģenitīvs|Pamatforma=daba|Leksēmas_nr=8870|Skaitlis=Vienskaitlis|Lietvārda_tips=Sugas_vārds|Dzimte=Sieviešu|Avots=Valērija_leksikons","pos":"n"},{"lemma":"un","index":7,"parentIndex":6,"form":"un","tag":"ccs","features":"Galotnes_nr=1197|Vārdšķira=Saiklis|Avota_pamatforma=un|Vārds=un|Leksēmas_nr=26718|Minēšana=Nav|Saikļa_tips=Sakārtojuma|Uzbūve=Vienkāršs|Mija=0|Pamatforma=un","pos":"c"},{"lemma":"tautiskums","index":8,"parentIndex":9,"form":"tautiskuma","tag":"ncmsg1","features":"Vārdšķira=Lietvārds|Galotnes_nr=2|Vārds=tautiskuma|Avota_pamatforma=tautiskums|Minēšana=Nav|Deklinācija=1|Mija=0|Locījums=Ģenitīvs|Pamatforma=tautiskums|Leksēmas_nr=886|Skaitlis=Vienskaitlis|Lietvārda_tips=Sugas_vārds|Dzimte=Vīriešu|Avots=Valērija_leksikons","pos":"n"},{"lemma":"motīvs","index":9,"parentIndex":7,"form":"motīvus","tag":"ncmpa1","features":"Vārdšķira=Lietvārds|Galotnes_nr=11|Vārds=motīvus|Avota_pamatforma=motīvs|Minēšana=Nav|Deklinācija=1|Mija=0|Locījums=Akuzatīvs|Pamatforma=motīvs|Leksēmas_nr=5149|Skaitlis=Daudzskaitlis|Lietvārda_tips=Sugas_vārds|Dzimte=Vīriešu|Avots=Valērija_leksikons","pos":"n"}]}],"namedEntities":{"1":{"id":1,"representative":"Pēteris Vasks","type":"person","aliases":["viņš","komponists","savs","vasks"]}}}
