<?xml version="1.0" encoding="UTF-8"?>
<!DOCTYPE markables SYSTEM "markables.dtd">
<markables xmlns="www.eml.org/NameSpaces/sentence">
<markable mmax_level="sentence" id="markable_1" span="word_1..word_12" />
<markable mmax_level="sentence" id="markable_2" span="word_13..word_15" />
<markable mmax_level="sentence" id="markable_3" span="word_16..word_62" />
<markable mmax_level="sentence" id="markable_4" span="word_63..word_70" />
<markable mmax_level="sentence" id="markable_5" span="word_71..word_76" />
<markable mmax_level="sentence" id="markable_6" span="word_77..word_106" />
<markable mmax_level="sentence" id="markable_7" span="word_107..word_123" />
<markable mmax_level="sentence" id="markable_8" span="word_124..word_163" />
<markable mmax_level="sentence" id="markable_9" span="word_164..word_176" />
<markable mmax_level="sentence" id="markable_10" span="word_177..word_193" />
<markable mmax_level="sentence" id="markable_11" span="word_194..word_216" />
<markable mmax_level="sentence" id="markable_12" span="word_217..word_255" />
<markable mmax_level="sentence" id="markable_13" span="word_256..word_277" />
<markable mmax_level="sentence" id="markable_14" span="word_278..word_300" />
<markable mmax_level="sentence" id="markable_15" span="word_301..word_324" />
<markable mmax_level="sentence" id="markable_16" span="word_325..word_356" />
<markable mmax_level="sentence" id="markable_17" span="word_357..word_367" />
<markable mmax_level="sentence" id="markable_18" span="word_368..word_384" />
<markable mmax_level="sentence" id="markable_19" span="word_385..word_397" />
<markable mmax_level="sentence" id="markable_20" span="word_398..word_405" />
<markable mmax_level="sentence" id="markable_21" span="word_406..word_427" />
<markable mmax_level="sentence" id="markable_22" span="word_428..word_438" />
<markable mmax_level="sentence" id="markable_23" span="word_439..word_465" />
<markable mmax_level="sentence" id="markable_24" span="word_466..word_471" />
<markable mmax_level="sentence" id="markable_25" span="word_472..word_488" />
<markable mmax_level="sentence" id="markable_26" span="word_489..word_500" />
<markable mmax_level="sentence" id="markable_27" span="word_501..word_511" />
<markable mmax_level="sentence" id="markable_28" span="word_512..word_516" />
<markable mmax_level="sentence" id="markable_29" span="word_517..word_537" />
<markable mmax_level="sentence" id="markable_30" span="word_538..word_555" />
<markable mmax_level="sentence" id="markable_31" span="word_556..word_577" />
<markable mmax_level="sentence" id="markable_32" span="word_578..word_602" />
<markable mmax_level="sentence" id="markable_33" span="word_603..word_608" />
<markable mmax_level="sentence" id="markable_34" span="word_609..word_623" />
<markable mmax_level="sentence" id="markable_35" span="word_624..word_635" />
<markable mmax_level="sentence" id="markable_36" span="word_636..word_652" />
<markable mmax_level="sentence" id="markable_37" span="word_653..word_675" />
<markable mmax_level="sentence" id="markable_38" span="word_676..word_680" />
<markable mmax_level="sentence" id="markable_39" span="word_681..word_699" />
<markable mmax_level="sentence" id="markable_40" span="word_700..word_716" />
<markable mmax_level="sentence" id="markable_41" span="word_717..word_729" />
<markable mmax_level="sentence" id="markable_42" span="word_730..word_756" />
<markable mmax_level="sentence" id="markable_43" span="word_757..word_764" />
<markable mmax_level="sentence" id="markable_44" span="word_765..word_784" />
<markable mmax_level="sentence" id="markable_45" span="word_785..word_789" />
<markable mmax_level="sentence" id="markable_46" span="word_790..word_804" />
<markable mmax_level="sentence" id="markable_47" span="word_805..word_831" />
<markable mmax_level="sentence" id="markable_48" span="word_832..word_847" />
<markable mmax_level="sentence" id="markable_49" span="word_848..word_852" />
<markable mmax_level="sentence" id="markable_50" span="word_853..word_870" />
<markable mmax_level="sentence" id="markable_51" span="word_871..word_876" />
<markable mmax_level="sentence" id="markable_52" span="word_877..word_882" />
<markable mmax_level="sentence" id="markable_53" span="word_883..word_898" />
<markable mmax_level="sentence" id="markable_54" span="word_899..word_927" />
<markable mmax_level="sentence" id="markable_55" span="word_928..word_948" />
<markable mmax_level="sentence" id="markable_56" span="word_949..word_958" />
<markable mmax_level="sentence" id="markable_57" span="word_959..word_970" />
<markable mmax_level="sentence" id="markable_58" span="word_971..word_980" />
<markable mmax_level="sentence" id="markable_59" span="word_981..word_987" />
<markable mmax_level="sentence" id="markable_60" span="word_988..word_1005" />
<markable mmax_level="sentence" id="markable_61" span="word_1006..word_1028" />
<markable mmax_level="sentence" id="markable_62" span="word_1029..word_1056" />
<markable mmax_level="sentence" id="markable_63" span="word_1057..word_1076" />
<markable mmax_level="sentence" id="markable_64" span="word_1077..word_1094" />
<markable mmax_level="sentence" id="markable_65" span="word_1095..word_1101" />
<markable mmax_level="sentence" id="markable_66" span="word_1102..word_1104" />
<markable mmax_level="sentence" id="markable_67" span="word_1105..word_1118" />
<markable mmax_level="sentence" id="markable_68" span="word_1119..word_1129" />
<markable mmax_level="sentence" id="markable_69" span="word_1130..word_1142" />
<markable mmax_level="sentence" id="markable_70" span="word_1143..word_1157" />
<markable mmax_level="sentence" id="markable_71" span="word_1158" />
<markable mmax_level="sentence" id="markable_72" span="word_1159..word_1178" />
<markable mmax_level="sentence" id="markable_73" span="word_1179..word_1182" />
<markable mmax_level="sentence" id="markable_74" span="word_1183..word_1191" />
</markables>