<?xml version="1.0" encoding="UTF-8"?>
<!DOCTYPE markables SYSTEM "markables.dtd">
<markables xmlns="www.eml.org/NameSpaces/coref">
<markable id="markable_308" span="word_500" coref_class="set_84"  category="other"  mmax_level="coref"  rule="none"  type="none" />
<markable id="markable_309" span="word_543..word_544" coref_class="empty"  category="sum"  mmax_level="coref"  rule="none"  type="none" />
<markable id="markable_101" span="word_186" coref_class="set_152"  category="location"  mmax_level="coref"  rule="none"  type="none" />
<markable id="markable_100" span="word_175" coref_class="set_158"  category="location"  mmax_level="coref"  rule="none"  type="none" />
<markable id="markable_105" span="word_222..word_223" coref_class="set_142"  category="location"  mmax_level="coref"  rule="none"  type="none" />
<markable id="markable_103" span="word_188..word_189" coref_class="set_142"  category="location"  mmax_level="coref"  rule="none"  type="none" />
<markable id="markable_311" span="word_713" coref_class="set_164"  category="other"  mmax_level="coref"  rule="none"  type="none" />
<markable id="markable_310" span="word_655" coref_class="set_164"  category="other"  mmax_level="coref"  rule="none"  type="none" />
<markable id="markable_315" span="word_780..word_782" coref_class="empty"  category="time"  mmax_level="coref"  rule="none"  type="none" />
<markable id="markable_314" span="word_772" coref_class="set_164"  category="other"  mmax_level="coref"  rule="none"  type="none" />
<markable id="markable_313" span="word_752" coref_class="set_164"  category="other"  mmax_level="coref"  rule="none"  type="none" />
<markable id="markable_312" span="word_724" coref_class="set_164"  category="other"  mmax_level="coref"  rule="none"  type="none" />
<markable id="markable_107" span="word_226" coref_class="set_160"  category="location"  mmax_level="coref"  rule="none"  type="none" />
<markable id="markable_108" span="word_229" coref_class="set_161"  category="location"  mmax_level="coref"  rule="none"  type="none" />
<markable id="markable_109" span="word_235" coref_class="set_152"  category="location"  mmax_level="coref"  rule="none"  type="none" />
<markable id="markable_111" span="word_254" coref_class="set_161"  category="location"  mmax_level="coref"  rule="none"  type="none" />
<markable id="markable_113" span="word_292..word_293" coref_class="empty"  category="location"  mmax_level="coref"  rule="none"  type="none" />
<markable id="markable_77" span="word_59..word_61" coref_class="empty"  category="organization"  mmax_level="coref"  rule="none"  type="none" />
<markable id="markable_117" span="word_365" coref_class="set_152"  category="location"  mmax_level="coref"  rule="none"  type="none" />
<markable id="markable_78" span="word_65..word_66" coref_class="set_164"  category="organization"  mmax_level="coref"  rule="none"  type="none" />
<markable id="markable_116" span="word_359" coref_class="set_152"  category="location"  mmax_level="coref"  rule="none"  type="none" />
<markable id="markable_75" span="word_9..word_10" coref_class="set_24"  category="location"  mmax_level="coref"  rule="none"  type="none" />
<markable id="markable_76" span="word_31..word_32" coref_class="set_164"  category="organization"  mmax_level="coref"  rule="none"  type="none" />
<markable id="markable_161" span="word_1051..word_1052" coref_class="set_164"  category="organization"  mmax_level="coref"  rule="none"  type="none" />
<markable id="markable_141" span="word_612" coref_class="set_133"  category="location"  mmax_level="coref"  rule="none"  type="none" />
<markable id="markable_142" span="word_614" coref_class="set_152"  category="location"  mmax_level="coref"  rule="none"  type="none" />
<markable id="markable_140" span="word_585" coref_class="empty"  category="location"  mmax_level="coref"  rule="none"  type="none" />
<markable id="markable_165" span="word_943..word_944" coref_class="set_165"  category="product"  mmax_level="coref"  rule="none"  type="none" />
<markable id="markable_145" span="word_693..word_694" coref_class="set_164"  category="organization"  mmax_level="coref"  rule="none"  type="none" />
<markable id="markable_146" span="word_697..word_698" coref_class="empty"  category="time"  mmax_level="coref"  rule="none"  type="none" />
<markable id="markable_143" span="word_631" coref_class="set_152"  category="location"  mmax_level="coref"  rule="none"  type="none" />
<markable id="markable_168" span="word_1085..word_1086" coref_class="set_164"  category="product"  mmax_level="coref"  rule="none"  type="none" />
<markable id="markable_144" span="word_633" coref_class="set_133"  category="location"  mmax_level="coref"  rule="none"  type="none" />
<markable id="markable_169" span="word_1091..word_1092" coref_class="set_165"  category="product"  mmax_level="coref"  rule="none"  type="none" />
<markable id="markable_149" span="word_729" coref_class="set_137"  category="location"  mmax_level="coref"  rule="none"  type="none" />
<markable id="markable_147" span="word_708..word_709" coref_class="set_135"  category="location"  mmax_level="coref"  rule="none"  type="none" />
<markable id="markable_148" span="word_721..word_722" coref_class="set_135"  category="location"  mmax_level="coref"  rule="none"  type="none" />
<markable id="markable_170" span="word_1135..word_1136" coref_class="set_164"  category="product"  mmax_level="coref"  rule="none"  type="none" />
<markable id="markable_171" span="word_1166" coref_class="set_161"  category="location"  mmax_level="coref"  rule="none"  type="none" />
<markable id="markable_174" span="word_1177" coref_class="set_159"  category="location"  mmax_level="coref"  rule="none"  type="none" />
<markable id="markable_150" span="word_731" coref_class="empty"  category="location"  mmax_level="coref"  rule="none"  type="none" />
<markable id="markable_175" span="word_1179" coref_class="set_152"  category="location"  mmax_level="coref"  rule="none"  type="none" />
<markable id="markable_151" span="word_764..word_765" coref_class="set_164"  category="organization"  mmax_level="coref"  rule="none"  type="none" />
<markable id="markable_172" span="word_1169" coref_class="set_161"  category="location"  mmax_level="coref"  rule="none"  type="none" />
<markable id="markable_152" span="word_784..word_785" coref_class="set_164"  category="organization"  mmax_level="coref"  rule="none"  type="none" />
<markable id="markable_173" span="word_1175" coref_class="set_158"  category="location"  mmax_level="coref"  rule="none"  type="none" />
<markable id="markable_153" span="word_840..word_841" coref_class="set_164"  category="organization"  mmax_level="coref"  rule="none"  type="none" />
<markable id="markable_154" span="word_861..word_862" coref_class="set_164"  category="organization"  mmax_level="coref"  rule="none"  type="none" />
<markable id="markable_178" span="word_1205..word_1206" coref_class="set_155"  category="organization"  mmax_level="coref"  rule="none"  type="none" />
<markable id="markable_155" span="word_932..word_933" coref_class="empty"  category="sum"  mmax_level="coref"  rule="none"  type="none" />
<markable id="markable_179" span="word_1222..word_1223" coref_class="set_155"  category="organization"  mmax_level="coref"  rule="none"  type="none" />
<markable id="markable_156" span="word_935..word_936" coref_class="empty"  category="sum"  mmax_level="coref"  rule="none"  type="none" />
<markable id="markable_176" span="word_1183..word_1184" coref_class="set_155"  category="organization"  mmax_level="coref"  rule="none"  type="none" />
<markable id="markable_177" span="word_1190..word_1191" coref_class="set_164"  category="organization"  mmax_level="coref"  rule="none"  type="none" />
<markable id="markable_158" span="word_970..word_971" coref_class="set_142"  category="location"  mmax_level="coref"  rule="none"  type="none" />
<markable id="markable_159" span="word_988" coref_class="set_156"  category="location"  mmax_level="coref"  rule="none"  type="none" />
<markable id="markable_119" span="word_395..word_396" coref_class="set_164"  category="organization"  mmax_level="coref"  rule="none"  type="none" />
<markable id="markable_118" span="word_386" coref_class="set_152"  category="location"  mmax_level="coref"  rule="none"  type="none" />
<markable id="markable_286" span="word_1299..word_1300" coref_class="empty"  category="sum"  mmax_level="coref"  rule="none"  type="none" />
<markable id="markable_81" span="word_68..word_69" coref_class="empty"  category="profession"  mmax_level="coref"  rule="none"  type="none" />
<markable id="markable_287" span="word_1308..word_1309" coref_class="empty"  category="sum"  mmax_level="coref"  rule="none"  type="none" />
<markable id="markable_80" span="word_70..word_71" coref_class="set_3"  category="person"  mmax_level="coref"  rule="none"  type="none" />
<markable id="markable_120" span="word_449..word_450" coref_class="set_164"  category="organization"  mmax_level="coref"  rule="none"  type="none" />
<markable id="markable_184" span="word_1265..word_1266" coref_class="empty"  category="time"  mmax_level="coref"  rule="none"  type="none" />
<markable id="markable_288" span="word_1321" coref_class="set_163"  category="other"  mmax_level="coref"  rule="none"  type="none" />
<markable id="markable_185" span="word_1275..word_1276" coref_class="empty"  category="time"  mmax_level="coref"  rule="none"  type="none" />
<markable id="markable_186" span="word_1281" coref_class="set_158"  category="location"  mmax_level="coref"  rule="none"  type="none" />
<markable id="markable_85" span="word_81..word_82" coref_class="set_142"  category="location"  mmax_level="coref"  rule="none"  type="none" />
<markable id="markable_84" span="word_79" coref_class="set_152"  category="location"  mmax_level="coref"  rule="none"  type="none" />
<markable id="markable_180" span="word_1247..word_1248" coref_class="set_164"  category="organization"  mmax_level="coref"  rule="none"  type="none" />
<markable id="markable_87" span="word_89" coref_class="set_158"  category="location"  mmax_level="coref"  rule="none"  type="none" />
<markable id="markable_181" span="word_1250..word_1251" coref_class="empty"  category="time"  mmax_level="coref"  rule="none"  type="none" />
<markable id="markable_86" span="word_87" coref_class="set_152"  category="location"  mmax_level="coref"  rule="none"  type="none" />
<markable id="markable_182" span="word_1261..word_1262" coref_class="empty"  category="time"  mmax_level="coref"  rule="none"  type="none" />
<markable id="markable_89" span="word_96" coref_class="empty"  category="location"  mmax_level="coref"  rule="none"  type="none" />
<markable id="markable_128" span="word_493..word_497" coref_class="set_84"  category="media"  mmax_level="coref"  rule="none"  type="none" />
<markable id="markable_88" span="word_91" coref_class="set_3"  category="person"  mmax_level="coref"  rule="none"  type="none" />
<markable id="markable_125" span="word_475" coref_class="set_137"  category="location"  mmax_level="coref"  rule="none"  type="none" />
<markable id="markable_126" span="word_480..word_483" coref_class="empty"  category="location"  mmax_level="coref"  rule="none"  type="none" />
<markable id="markable_282" span="word_1267" coref_class="set_164"  category="other"  mmax_level="coref"  rule="none"  type="none" />
<markable id="markable_187" span="word_1283" coref_class="set_159"  category="location"  mmax_level="coref"  rule="none"  type="none" />
<markable id="markable_124" span="word_470" coref_class="set_158"  category="location"  mmax_level="coref"  rule="none"  type="none" />
<markable id="markable_188" span="word_1293" coref_class="empty"  category="product"  mmax_level="coref"  rule="none"  type="none" />
<markable id="markable_121" span="word_454" coref_class="set_152"  category="location"  mmax_level="coref"  rule="none"  type="none" />
<markable id="markable_189" span="word_1303" coref_class="empty"  category="product"  mmax_level="coref"  rule="none"  type="none" />
<markable id="markable_285" span="word_1290..word_1291" coref_class="empty"  category="sum"  mmax_level="coref"  rule="none"  type="none" />
<markable id="markable_122" span="word_458" coref_class="set_158"  category="location"  mmax_level="coref"  rule="none"  type="none" />
<markable id="markable_129" span="word_502" coref_class="set_152"  category="location"  mmax_level="coref"  rule="none"  type="none" />
<markable id="markable_90" span="word_102" coref_class="set_158"  category="location"  mmax_level="coref"  rule="none"  type="none" />
<markable id="markable_299" span="word_213" coref_class="empty"  category="location"  mmax_level="coref"  rule="none"  type="none" />
<markable id="markable_94" span="word_123" coref_class="set_133"  category="location"  mmax_level="coref"  rule="none"  type="none" />
<markable id="markable_196" span="word_1334..word_1336" coref_class="set_163"  category="organization"  mmax_level="coref"  rule="none"  type="none" />
<markable id="markable_93" span="word_121" coref_class="set_152"  category="location"  mmax_level="coref"  rule="none"  type="none" />
<markable id="markable_197" span="word_1345..word_1346" coref_class="set_164"  category="product"  mmax_level="coref"  rule="none"  type="none" />
<markable id="markable_130" span="word_507" coref_class="set_160"  category="location"  mmax_level="coref"  rule="none"  type="none" />
<markable id="markable_92" span="word_106" coref_class="set_152"  category="location"  mmax_level="coref"  rule="none"  type="none" />
<markable id="markable_194" span="word_1329" coref_class="empty"  category="location"  mmax_level="coref"  rule="none"  type="none" />
<markable id="markable_131" span="word_509" coref_class="set_161"  category="location"  mmax_level="coref"  rule="none"  type="none" />
<markable id="markable_91" span="word_104" coref_class="set_159"  category="location"  mmax_level="coref"  rule="none"  type="none" />
<markable id="markable_195" span="word_1331" coref_class="set_162"  category="location"  mmax_level="coref"  rule="none"  type="none" />
<markable id="markable_98" span="word_167..word_168" coref_class="set_142"  category="location"  mmax_level="coref"  rule="none"  type="none" />
<markable id="markable_192" span="word_1325" coref_class="set_161"  category="location"  mmax_level="coref"  rule="none"  type="none" />
<markable id="markable_97" span="word_165" coref_class="set_152"  category="location"  mmax_level="coref"  rule="none"  type="none" />
<markable id="markable_193" span="word_1327" coref_class="empty"  category="location"  mmax_level="coref"  rule="none"  type="none" />
<markable id="markable_96" span="word_148" coref_class="set_152"  category="location"  mmax_level="coref"  rule="none"  type="none" />
<markable id="markable_190" span="word_1311..word_1313" coref_class="set_163"  category="organization"  mmax_level="coref"  rule="none"  type="none" />
<markable id="markable_95" span="word_137" coref_class="set_133"  category="location"  mmax_level="coref"  rule="none"  type="none" />
<markable id="markable_191" span="word_1323" coref_class="set_160"  category="location"  mmax_level="coref"  rule="none"  type="none" />
<markable id="markable_136" span="word_570" coref_class="empty"  category="location"  mmax_level="coref"  rule="none"  type="none" />
<markable id="markable_292" span="word_109" coref_class="set_164"  category="other"  mmax_level="coref"  rule="none"  type="none" />
<markable id="markable_139" span="word_591" coref_class="empty"  category="location"  mmax_level="coref"  rule="none"  type="none" />
<markable id="markable_99" span="word_173" coref_class="set_152"  category="location"  mmax_level="coref"  rule="none"  type="none" />
<markable id="markable_132" span="word_556" coref_class="empty"  category="location"  mmax_level="coref"  rule="none"  type="none" />
<markable id="markable_134" span="word_566" coref_class="empty"  category="location"  mmax_level="coref"  rule="none"  type="none" />
<markable id="markable_198" span="word_1362..word_1363" coref_class="set_165"  category="product"  mmax_level="coref"  rule="none"  type="none" />
<markable id="markable_135" span="word_568" coref_class="empty"  category="location"  mmax_level="coref"  rule="none"  type="none" />
<markable id="markable_251" span="word_760" coref_class="empty"  category="time"  mmax_level="coref"  rule="none"  type="none" />
<markable id="markable_247" span="word_700..word_701" coref_class="empty"  category="sum"  mmax_level="coref"  rule="none"  type="none" />
<markable id="markable_246" span="word_668" coref_class="empty"  category="time"  mmax_level="coref"  rule="none"  type="none" />
<markable id="markable_245" span="word_652..word_654" coref_class="empty"  category="time"  mmax_level="coref"  rule="none"  type="none" />
<markable id="markable_244" span="word_635..word_636" coref_class="empty"  category="time"  mmax_level="coref"  rule="none"  type="none" />
<markable id="markable_243" span="word_626" coref_class="empty"  category="time"  mmax_level="coref"  rule="none"  type="none" />
<markable id="markable_263" span="word_870..word_871" coref_class="empty"  category="time"  mmax_level="coref"  rule="none"  type="none" />
<markable id="markable_352" span="word_970" coref_class="set_156"  category="location"  mmax_level="coref"  rule="none"  type="none" />
<markable id="markable_354" span="word_1080..word_1081" coref_class="set_165"  category="product"  mmax_level="coref"  rule="none"  type="none" />
<markable id="markable_355" span="word_1242" coref_class="set_156"  category="location"  mmax_level="coref"  rule="none"  type="none" />
<markable id="markable_356" span="word_1256..word_1257" coref_class="empty"  category="sum"  mmax_level="coref"  rule="none"  type="none" />
<markable id="markable_213" span="word_331..word_334" coref_class="empty"  category="time"  mmax_level="coref"  rule="none"  type="none" />
<markable id="markable_210" span="word_271" coref_class="set_26"  category="other"  mmax_level="coref"  rule="none"  type="none" />
<markable id="markable_350" span="word_708" coref_class="set_162"  category="location"  mmax_level="coref"  rule="none"  type="none" />
<markable id="markable_211" span="word_280" coref_class="set_26"  category="other"  mmax_level="coref"  rule="none"  type="none" />
<markable id="markable_351" span="word_721" coref_class="set_162"  category="location"  mmax_level="coref"  rule="none"  type="none" />
<markable id="markable_209" span="word_268" coref_class="set_24"  category="other"  mmax_level="coref"  rule="none"  type="none" />
<markable id="markable_349" span="word_579" coref_class="set_133"  category="location"  mmax_level="coref"  rule="none"  type="none" />
<markable id="markable_343" span="word_484" coref_class="set_160"  category="location"  mmax_level="coref"  rule="none"  type="none" />
<markable id="markable_344" span="word_480" coref_class="empty"  category="location"  mmax_level="coref"  rule="none"  type="none" />
<markable id="markable_341" span="word_420" coref_class="set_164"  category="other"  mmax_level="coref"  rule="none"  type="none" />
<markable id="markable_342" span="word_465" coref_class="set_152"  category="location"  mmax_level="coref"  rule="none"  type="none" />
<markable id="markable_347" span="word_576" coref_class="set_152"  category="location"  mmax_level="coref"  rule="none"  type="none" />
<markable id="markable_345" span="word_482" coref_class="empty"  category="location"  mmax_level="coref"  rule="none"  type="none" />
<markable id="markable_346" span="word_558" coref_class="set_137"  category="location"  mmax_level="coref"  rule="none"  type="none" />
<markable id="markable_200" span="word_1367..word_1369" coref_class="empty"  category="organization"  mmax_level="coref"  rule="none"  type="none" />
<markable id="markable_340" span="word_347..word_348" coref_class="set_164"  category="organization"  mmax_level="coref"  rule="none"  type="none" />
<markable id="markable_201" span="word_1377..word_1379" coref_class="empty"  category="organization"  mmax_level="coref"  rule="none"  type="none" />
<markable id="markable_339" span="word_312..word_313" coref_class="set_142"  category="location"  mmax_level="coref"  rule="none"  type="none" />
<markable id="markable_338" span="word_308" coref_class="empty"  category="organization"  mmax_level="coref"  rule="none"  type="none" />
<markable id="markable_334" span="word_2..word_3" coref_class="set_164"  category="organization"  mmax_level="coref"  rule="none"  type="none" />
<markable id="markable_335" span="word_73" coref_class="empty"  category="time"  mmax_level="coref"  rule="none"  type="none" />
<markable id="markable_336" span="word_252" coref_class="set_160"  category="location"  mmax_level="coref"  rule="none"  type="none" />
<markable id="markable_337" span="word_261..word_262" coref_class="set_142"  category="location"  mmax_level="coref"  rule="none"  type="none" />
<markable id="markable_232" span="word_516..word_518" coref_class="set_84"  category="other"  mmax_level="coref"  rule="none"  type="none" />
<markable id="markable_328" span="word_1233..word_1235" coref_class="set_155"  category="other"  mmax_level="coref"  rule="none"  type="none" />
<markable id="markable_325" span="word_1144" coref_class="set_164"  category="other"  mmax_level="coref"  rule="none"  type="none" />
<markable id="markable_326" span="word_1214" coref_class="set_164"  category="other"  mmax_level="coref"  rule="none"  type="none" />
<markable id="markable_324" span="word_1102" coref_class="set_165"  category="other"  mmax_level="coref"  rule="none"  type="none" />
<markable id="markable_321" span="word_996" coref_class="set_164"  category="other"  mmax_level="coref"  rule="none"  type="none" />
<markable id="markable_322" span="word_1022" coref_class="set_164"  category="other"  mmax_level="coref"  rule="none"  type="none" />
<markable id="markable_320" span="word_901" coref_class="set_164"  category="other"  mmax_level="coref"  rule="none"  type="none" />
<markable id="markable_319" span="word_850" coref_class="set_164"  category="other"  mmax_level="coref"  rule="none"  type="none" />
<markable id="markable_318" span="word_847" coref_class="set_164"  category="other"  mmax_level="coref"  rule="none"  type="none" />
<markable id="markable_317" span="word_819" coref_class="set_164"  category="other"  mmax_level="coref"  rule="none"  type="none" />
<markable id="markable_316" span="word_813" coref_class="set_164"  category="other"  mmax_level="coref"  rule="none"  type="none" />
</markables>