<?xml version="1.0" encoding="UTF-8"?>
<!DOCTYPE markables SYSTEM "markables.dtd">
<markables xmlns="www.eml.org/NameSpaces/sentence">
<markable mmax_level="sentence" id="markable_1" span="word_1..word_11" />
<markable mmax_level="sentence" id="markable_2" span="word_12..word_14" />
<markable mmax_level="sentence" id="markable_3" span="word_15..word_39" />
<markable mmax_level="sentence" id="markable_4" span="word_40..word_45" />
<markable mmax_level="sentence" id="markable_5" span="word_46..word_71" />
<markable mmax_level="sentence" id="markable_6" span="word_72..word_134" />
<markable mmax_level="sentence" id="markable_7" span="word_135..word_151" />
<markable mmax_level="sentence" id="markable_8" span="word_152..word_162" />
<markable mmax_level="sentence" id="markable_9" span="word_163..word_190" />
<markable mmax_level="sentence" id="markable_10" span="word_191..word_201" />
<markable mmax_level="sentence" id="markable_11" span="word_202..word_208" />
<markable mmax_level="sentence" id="markable_12" span="word_209..word_223" />
<markable mmax_level="sentence" id="markable_13" span="word_224..word_243" />
<markable mmax_level="sentence" id="markable_14" span="word_244..word_282" />
<markable mmax_level="sentence" id="markable_15" span="word_283..word_291" />
<markable mmax_level="sentence" id="markable_16" span="word_292..word_313" />
<markable mmax_level="sentence" id="markable_17" span="word_314..word_339" />
<markable mmax_level="sentence" id="markable_18" span="word_340..word_357" />
<markable mmax_level="sentence" id="markable_19" span="word_358..word_385" />
<markable mmax_level="sentence" id="markable_20" span="word_386..word_403" />
<markable mmax_level="sentence" id="markable_21" span="word_404..word_418" />
<markable mmax_level="sentence" id="markable_22" span="word_419..word_431" />
<markable mmax_level="sentence" id="markable_23" span="word_432..word_449" />
<markable mmax_level="sentence" id="markable_24" span="word_450..word_471" />
<markable mmax_level="sentence" id="markable_25" span="word_472..word_493" />
<markable mmax_level="sentence" id="markable_26" span="word_494..word_521" />
<markable mmax_level="sentence" id="markable_27" span="word_522..word_555" />
<markable mmax_level="sentence" id="markable_28" span="word_556..word_565" />
<markable mmax_level="sentence" id="markable_29" span="word_566..word_595" />
<markable mmax_level="sentence" id="markable_30" span="word_596..word_604" />
<markable mmax_level="sentence" id="markable_31" span="word_605..word_627" />
<markable mmax_level="sentence" id="markable_32" span="word_628..word_639" />
<markable mmax_level="sentence" id="markable_33" span="word_640..word_660" />
<markable mmax_level="sentence" id="markable_34" span="word_661..word_670" />
<markable mmax_level="sentence" id="markable_35" span="word_671..word_685" />
<markable mmax_level="sentence" id="markable_36" span="word_686..word_700" />
<markable mmax_level="sentence" id="markable_37" span="word_701..word_710" />
<markable mmax_level="sentence" id="markable_38" span="word_711..word_732" />
<markable mmax_level="sentence" id="markable_39" span="word_733..word_749" />
<markable mmax_level="sentence" id="markable_40" span="word_750..word_762" />
<markable mmax_level="sentence" id="markable_41" span="word_763..word_770" />
<markable mmax_level="sentence" id="markable_42" span="word_771..word_783" />
<markable mmax_level="sentence" id="markable_43" span="word_784..word_802" />
<markable mmax_level="sentence" id="markable_44" span="word_803..word_811" />
<markable mmax_level="sentence" id="markable_45" span="word_812..word_833" />
<markable mmax_level="sentence" id="markable_46" span="word_834..word_855" />
<markable mmax_level="sentence" id="markable_47" span="word_856..word_861" />
<markable mmax_level="sentence" id="markable_48" span="word_862..word_871" />
<markable mmax_level="sentence" id="markable_49" span="word_872..word_896" />
<markable mmax_level="sentence" id="markable_50" span="word_897..word_923" />
<markable mmax_level="sentence" id="markable_51" span="word_924..word_936" />
<markable mmax_level="sentence" id="markable_52" span="word_937..word_963" />
<markable mmax_level="sentence" id="markable_53" span="word_964..word_981" />
<markable mmax_level="sentence" id="markable_54" span="word_982..word_991" />
<markable mmax_level="sentence" id="markable_55" span="word_992..word_1014" />
<markable mmax_level="sentence" id="markable_56" span="word_1015..word_1030" />
<markable mmax_level="sentence" id="markable_57" span="word_1031..word_1045" />
<markable mmax_level="sentence" id="markable_58" span="word_1046..word_1076" />
<markable mmax_level="sentence" id="markable_59" span="word_1077..word_1104" />
<markable mmax_level="sentence" id="markable_60" span="word_1105..word_1125" />
<markable mmax_level="sentence" id="markable_61" span="word_1126..word_1152" />
<markable mmax_level="sentence" id="markable_62" span="word_1153..word_1170" />
<markable mmax_level="sentence" id="markable_63" span="word_1171..word_1218" />
<markable mmax_level="sentence" id="markable_64" span="word_1219..word_1239" />
<markable mmax_level="sentence" id="markable_65" span="word_1240..word_1259" />
<markable mmax_level="sentence" id="markable_66" span="word_1260..word_1270" />
<markable mmax_level="sentence" id="markable_67" span="word_1271..word_1308" />
<markable mmax_level="sentence" id="markable_68" span="word_1309..word_1339" />
<markable mmax_level="sentence" id="markable_69" span="word_1340..word_1375" />
<markable mmax_level="sentence" id="markable_70" span="word_1376..word_1409" />
<markable mmax_level="sentence" id="markable_71" span="word_1410..word_1421" />
<markable mmax_level="sentence" id="markable_72" span="word_1422..word_1433" />
<markable mmax_level="sentence" id="markable_73" span="word_1434..word_1468" />
<markable mmax_level="sentence" id="markable_74" span="word_1469..word_1485" />
<markable mmax_level="sentence" id="markable_75" span="word_1486..word_1507" />
<markable mmax_level="sentence" id="markable_76" span="word_1508..word_1538" />
<markable mmax_level="sentence" id="markable_77" span="word_1539..word_1563" />
<markable mmax_level="sentence" id="markable_78" span="word_1564..word_1576" />
<markable mmax_level="sentence" id="markable_79" span="word_1577..word_1611" />
<markable mmax_level="sentence" id="markable_80" span="word_1612..word_1631" />
<markable mmax_level="sentence" id="markable_81" span="word_1632..word_1641" />
<markable mmax_level="sentence" id="markable_82" span="word_1642..word_1653" />
<markable mmax_level="sentence" id="markable_83" span="word_1654..word_1694" />
<markable mmax_level="sentence" id="markable_84" span="word_1695..word_1718" />
<markable mmax_level="sentence" id="markable_85" span="word_1719..word_1732" />
<markable mmax_level="sentence" id="markable_86" span="word_1733..word_1746" />
<markable mmax_level="sentence" id="markable_87" span="word_1747..word_1790" />
<markable mmax_level="sentence" id="markable_88" span="word_1791..word_1802" />
<markable mmax_level="sentence" id="markable_89" span="word_1803..word_1814" />
<markable mmax_level="sentence" id="markable_90" span="word_1815..word_1873" />
<markable mmax_level="sentence" id="markable_91" span="word_1874..word_1882" />
<markable mmax_level="sentence" id="markable_92" span="word_1883..word_1910" />
<markable mmax_level="sentence" id="markable_93" span="word_1911..word_1930" />
<markable mmax_level="sentence" id="markable_94" span="word_1931..word_1960" />
<markable mmax_level="sentence" id="markable_95" span="word_1961..word_1989" />
<markable mmax_level="sentence" id="markable_96" span="word_1990..word_2005" />
<markable mmax_level="sentence" id="markable_97" span="word_2006..word_2015" />
<markable mmax_level="sentence" id="markable_98" span="word_2016..word_2040" />
<markable mmax_level="sentence" id="markable_99" span="word_2041..word_2073" />
<markable mmax_level="sentence" id="markable_100" span="word_2074..word_2100" />
<markable mmax_level="sentence" id="markable_101" span="word_2101..word_2138" />
<markable mmax_level="sentence" id="markable_102" span="word_2139..word_2145" />
<markable mmax_level="sentence" id="markable_103" span="word_2146..word_2152" />
<markable mmax_level="sentence" id="markable_104" span="word_2153..word_2174" />
<markable mmax_level="sentence" id="markable_105" span="word_2175..word_2193" />
<markable mmax_level="sentence" id="markable_106" span="word_2194..word_2200" />
<markable mmax_level="sentence" id="markable_107" span="word_2201..word_2216" />
<markable mmax_level="sentence" id="markable_108" span="word_2217..word_2260" />
<markable mmax_level="sentence" id="markable_109" span="word_2261..word_2283" />
<markable mmax_level="sentence" id="markable_110" span="word_2284..word_2301" />
<markable mmax_level="sentence" id="markable_111" span="word_2302..word_2323" />
<markable mmax_level="sentence" id="markable_112" span="word_2324..word_2334" />
<markable mmax_level="sentence" id="markable_113" span="word_2335..word_2373" />
<markable mmax_level="sentence" id="markable_114" span="word_2374..word_2391" />
<markable mmax_level="sentence" id="markable_115" span="word_2392..word_2441" />
<markable mmax_level="sentence" id="markable_116" span="word_2442..word_2452" />
<markable mmax_level="sentence" id="markable_117" span="word_2453..word_2468" />
<markable mmax_level="sentence" id="markable_118" span="word_2469..word_2490" />
<markable mmax_level="sentence" id="markable_119" span="word_2491..word_2500" />
<markable mmax_level="sentence" id="markable_120" span="word_2501..word_2514" />
<markable mmax_level="sentence" id="markable_121" span="word_2515..word_2533" />
<markable mmax_level="sentence" id="markable_122" span="word_2534..word_2553" />
<markable mmax_level="sentence" id="markable_123" span="word_2554..word_2570" />
<markable mmax_level="sentence" id="markable_124" span="word_2571..word_2599" />
<markable mmax_level="sentence" id="markable_125" span="word_2600..word_2610" />
<markable mmax_level="sentence" id="markable_126" span="word_2611..word_2631" />
<markable mmax_level="sentence" id="markable_127" span="word_2632..word_2646" />
<markable mmax_level="sentence" id="markable_128" span="word_2647..word_2661" />
<markable mmax_level="sentence" id="markable_129" span="word_2662..word_2687" />
<markable mmax_level="sentence" id="markable_130" span="word_2688..word_2706" />
<markable mmax_level="sentence" id="markable_131" span="word_2707..word_2719" />
<markable mmax_level="sentence" id="markable_132" span="word_2720..word_2726" />
<markable mmax_level="sentence" id="markable_133" span="word_2727..word_2751" />
<markable mmax_level="sentence" id="markable_134" span="word_2752..word_2763" />
<markable mmax_level="sentence" id="markable_135" span="word_2764..word_2782" />
<markable mmax_level="sentence" id="markable_136" span="word_2783..word_2797" />
<markable mmax_level="sentence" id="markable_137" span="word_2798..word_2815" />
<markable mmax_level="sentence" id="markable_138" span="word_2816..word_2822" />
<markable mmax_level="sentence" id="markable_139" span="word_2823..word_2835" />
<markable mmax_level="sentence" id="markable_140" span="word_2836..word_2851" />
<markable mmax_level="sentence" id="markable_141" span="word_2852..word_2860" />
<markable mmax_level="sentence" id="markable_142" span="word_2861..word_2868" />
<markable mmax_level="sentence" id="markable_143" span="word_2869..word_2908" />
<markable mmax_level="sentence" id="markable_144" span="word_2909..word_2935" />
<markable mmax_level="sentence" id="markable_145" span="word_2936..word_2984" />
<markable mmax_level="sentence" id="markable_146" span="word_2985..word_3003" />
<markable mmax_level="sentence" id="markable_147" span="word_3004..word_3013" />
<markable mmax_level="sentence" id="markable_148" span="word_3014..word_3031" />
<markable mmax_level="sentence" id="markable_149" span="word_3032..word_3040" />
<markable mmax_level="sentence" id="markable_150" span="word_3041..word_3072" />
<markable mmax_level="sentence" id="markable_151" span="word_3073..word_3079" />
<markable mmax_level="sentence" id="markable_152" span="word_3080..word_3089" />
<markable mmax_level="sentence" id="markable_153" span="word_3090..word_3106" />
<markable mmax_level="sentence" id="markable_154" span="word_3107..word_3120" />
<markable mmax_level="sentence" id="markable_155" span="word_3121..word_3130" />
<markable mmax_level="sentence" id="markable_156" span="word_3131..word_3132" />
<markable mmax_level="sentence" id="markable_157" span="word_3133..word_3164" />
<markable mmax_level="sentence" id="markable_158" span="word_3165..word_3188" />
<markable mmax_level="sentence" id="markable_159" span="word_3189..word_3202" />
<markable mmax_level="sentence" id="markable_160" span="word_3203..word_3223" />
<markable mmax_level="sentence" id="markable_161" span="word_3224..word_3247" />
<markable mmax_level="sentence" id="markable_162" span="word_3248..word_3264" />
<markable mmax_level="sentence" id="markable_163" span="word_3265..word_3280" />
<markable mmax_level="sentence" id="markable_164" span="word_3281..word_3318" />
<markable mmax_level="sentence" id="markable_165" span="word_3319..word_3334" />
<markable mmax_level="sentence" id="markable_166" span="word_3335..word_3374" />
</markables>