<?xml version="1.0" encoding="UTF-8"?>
<!DOCTYPE markables SYSTEM "markables.dtd">
<markables xmlns="www.eml.org/NameSpaces/sentence">
<markable mmax_level="sentence" id="markable_1" span="word_1..word_6" />
<markable mmax_level="sentence" id="markable_2" span="word_7..word_9" />
<markable mmax_level="sentence" id="markable_3" span="word_10..word_34" />
<markable mmax_level="sentence" id="markable_4" span="word_35..word_47" />
<markable mmax_level="sentence" id="markable_5" span="word_48..word_69" />
<markable mmax_level="sentence" id="markable_6" span="word_70..word_116" />
<markable mmax_level="sentence" id="markable_7" span="word_117..word_130" />
<markable mmax_level="sentence" id="markable_8" span="word_131..word_158" />
<markable mmax_level="sentence" id="markable_9" span="word_159..word_189" />
<markable mmax_level="sentence" id="markable_10" span="word_190..word_208" />
<markable mmax_level="sentence" id="markable_11" span="word_209..word_219" />
<markable mmax_level="sentence" id="markable_12" span="word_220..word_232" />
<markable mmax_level="sentence" id="markable_13" span="word_233..word_241" />
<markable mmax_level="sentence" id="markable_14" span="word_242..word_248" />
<markable mmax_level="sentence" id="markable_15" span="word_249..word_258" />
<markable mmax_level="sentence" id="markable_16" span="word_259..word_277" />
<markable mmax_level="sentence" id="markable_17" span="word_278..word_287" />
<markable mmax_level="sentence" id="markable_18" span="word_288..word_307" />
<markable mmax_level="sentence" id="markable_19" span="word_308..word_315" />
<markable mmax_level="sentence" id="markable_20" span="word_316..word_325" />
<markable mmax_level="sentence" id="markable_21" span="word_326..word_334" />
<markable mmax_level="sentence" id="markable_22" span="word_335..word_346" />
<markable mmax_level="sentence" id="markable_23" span="word_347..word_362" />
<markable mmax_level="sentence" id="markable_24" span="word_363..word_384" />
<markable mmax_level="sentence" id="markable_25" span="word_385..word_392" />
<markable mmax_level="sentence" id="markable_26" span="word_393..word_409" />
<markable mmax_level="sentence" id="markable_27" span="word_410..word_428" />
<markable mmax_level="sentence" id="markable_28" span="word_429..word_437" />
<markable mmax_level="sentence" id="markable_29" span="word_438..word_448" />
<markable mmax_level="sentence" id="markable_30" span="word_449..word_464" />
<markable mmax_level="sentence" id="markable_31" span="word_465..word_484" />
<markable mmax_level="sentence" id="markable_32" span="word_485..word_496" />
<markable mmax_level="sentence" id="markable_33" span="word_497..word_508" />
<markable mmax_level="sentence" id="markable_34" span="word_509..word_516" />
<markable mmax_level="sentence" id="markable_35" span="word_517..word_523" />
<markable mmax_level="sentence" id="markable_36" span="word_524..word_529" />
<markable mmax_level="sentence" id="markable_37" span="word_530..word_546" />
<markable mmax_level="sentence" id="markable_38" span="word_547..word_554" />
<markable mmax_level="sentence" id="markable_39" span="word_555..word_573" />
<markable mmax_level="sentence" id="markable_40" span="word_574..word_579" />
<markable mmax_level="sentence" id="markable_41" span="word_580..word_592" />
<markable mmax_level="sentence" id="markable_42" span="word_593..word_605" />
<markable mmax_level="sentence" id="markable_43" span="word_606..word_610" />
<markable mmax_level="sentence" id="markable_44" span="word_611..word_615" />
<markable mmax_level="sentence" id="markable_45" span="word_616..word_636" />
<markable mmax_level="sentence" id="markable_46" span="word_637..word_655" />
<markable mmax_level="sentence" id="markable_47" span="word_656..word_661" />
<markable mmax_level="sentence" id="markable_48" span="word_662..word_670" />
<markable mmax_level="sentence" id="markable_49" span="word_671..word_678" />
<markable mmax_level="sentence" id="markable_50" span="word_679..word_695" />
<markable mmax_level="sentence" id="markable_51" span="word_696..word_711" />
<markable mmax_level="sentence" id="markable_52" span="word_712..word_719" />
<markable mmax_level="sentence" id="markable_53" span="word_720..word_746" />
<markable mmax_level="sentence" id="markable_54" span="word_747..word_763" />
<markable mmax_level="sentence" id="markable_55" span="word_764..word_775" />
<markable mmax_level="sentence" id="markable_56" span="word_776..word_788" />
<markable mmax_level="sentence" id="markable_57" span="word_789..word_806" />
<markable mmax_level="sentence" id="markable_58" span="word_807..word_824" />
<markable mmax_level="sentence" id="markable_59" span="word_825..word_864" />
<markable mmax_level="sentence" id="markable_60" span="word_865..word_873" />
<markable mmax_level="sentence" id="markable_61" span="word_874..word_880" />
<markable mmax_level="sentence" id="markable_62" span="word_881..word_902" />
<markable mmax_level="sentence" id="markable_63" span="word_903..word_921" />
<markable mmax_level="sentence" id="markable_64" span="word_922..word_927" />
<markable mmax_level="sentence" id="markable_65" span="word_928..word_939" />
<markable mmax_level="sentence" id="markable_66" span="word_940..word_944" />
<markable mmax_level="sentence" id="markable_67" span="word_945..word_985" />
<markable mmax_level="sentence" id="markable_68" span="word_986..word_1000" />
<markable mmax_level="sentence" id="markable_69" span="word_1001..word_1036" />
<markable mmax_level="sentence" id="markable_70" span="word_1037..word_1046" />
<markable mmax_level="sentence" id="markable_71" span="word_1047..word_1052" />
<markable mmax_level="sentence" id="markable_72" span="word_1053..word_1073" />
<markable mmax_level="sentence" id="markable_73" span="word_1074..word_1087" />
<markable mmax_level="sentence" id="markable_74" span="word_1088..word_1097" />
<markable mmax_level="sentence" id="markable_75" span="word_1098..word_1105" />
<markable mmax_level="sentence" id="markable_76" span="word_1106..word_1121" />
<markable mmax_level="sentence" id="markable_77" span="word_1122..word_1151" />
<markable mmax_level="sentence" id="markable_78" span="word_1152..word_1179" />
<markable mmax_level="sentence" id="markable_79" span="word_1180..word_1187" />
<markable mmax_level="sentence" id="markable_80" span="word_1188..word_1198" />
<markable mmax_level="sentence" id="markable_81" span="word_1199..word_1208" />
<markable mmax_level="sentence" id="markable_82" span="word_1209..word_1217" />
<markable mmax_level="sentence" id="markable_83" span="word_1218..word_1229" />
<markable mmax_level="sentence" id="markable_84" span="word_1230..word_1237" />
<markable mmax_level="sentence" id="markable_85" span="word_1238..word_1251" />
<markable mmax_level="sentence" id="markable_86" span="word_1252..word_1263" />
<markable mmax_level="sentence" id="markable_87" span="word_1264..word_1269" />
<markable mmax_level="sentence" id="markable_88" span="word_1270..word_1285" />
<markable mmax_level="sentence" id="markable_89" span="word_1286..word_1303" />
<markable mmax_level="sentence" id="markable_90" span="word_1304..word_1319" />
<markable mmax_level="sentence" id="markable_91" span="word_1320..word_1338" />
<markable mmax_level="sentence" id="markable_92" span="word_1339..word_1343" />
<markable mmax_level="sentence" id="markable_93" span="word_1344..word_1365" />
<markable mmax_level="sentence" id="markable_94" span="word_1366..word_1378" />
<markable mmax_level="sentence" id="markable_95" span="word_1379..word_1397" />
<markable mmax_level="sentence" id="markable_96" span="word_1398..word_1408" />
<markable mmax_level="sentence" id="markable_97" span="word_1409..word_1412" />
<markable mmax_level="sentence" id="markable_98" span="word_1413..word_1427" />
<markable mmax_level="sentence" id="markable_99" span="word_1428..word_1439" />
<markable mmax_level="sentence" id="markable_100" span="word_1440..word_1450" />
<markable mmax_level="sentence" id="markable_101" span="word_1451..word_1460" />
<markable mmax_level="sentence" id="markable_102" span="word_1461..word_1474" />
<markable mmax_level="sentence" id="markable_103" span="word_1475..word_1494" />
<markable mmax_level="sentence" id="markable_104" span="word_1495..word_1501" />
<markable mmax_level="sentence" id="markable_105" span="word_1502..word_1516" />
<markable mmax_level="sentence" id="markable_106" span="word_1517..word_1540" />
<markable mmax_level="sentence" id="markable_107" span="word_1541..word_1547" />
<markable mmax_level="sentence" id="markable_108" span="word_1548..word_1569" />
<markable mmax_level="sentence" id="markable_109" span="word_1570..word_1579" />
<markable mmax_level="sentence" id="markable_110" span="word_1580..word_1612" />
<markable mmax_level="sentence" id="markable_111" span="word_1613..word_1622" />
<markable mmax_level="sentence" id="markable_112" span="word_1623..word_1634" />
<markable mmax_level="sentence" id="markable_113" span="word_1635..word_1663" />
<markable mmax_level="sentence" id="markable_114" span="word_1664..word_1667" />
<markable mmax_level="sentence" id="markable_115" span="word_1668..word_1692" />
<markable mmax_level="sentence" id="markable_116" span="word_1693..word_1706" />
<markable mmax_level="sentence" id="markable_117" span="word_1707..word_1730" />
<markable mmax_level="sentence" id="markable_118" span="word_1731..word_1735" />
<markable mmax_level="sentence" id="markable_119" span="word_1736..word_1745" />
<markable mmax_level="sentence" id="markable_120" span="word_1746..word_1754" />
<markable mmax_level="sentence" id="markable_121" span="word_1755..word_1770" />
<markable mmax_level="sentence" id="markable_122" span="word_1771..word_1781" />
<markable mmax_level="sentence" id="markable_123" span="word_1782..word_1791" />
<markable mmax_level="sentence" id="markable_124" span="word_1792..word_1812" />
<markable mmax_level="sentence" id="markable_125" span="word_1813..word_1829" />
<markable mmax_level="sentence" id="markable_126" span="word_1830..word_1849" />
<markable mmax_level="sentence" id="markable_127" span="word_1850..word_1853" />
<markable mmax_level="sentence" id="markable_128" span="word_1854..word_1871" />
<markable mmax_level="sentence" id="markable_129" span="word_1872..word_1900" />
<markable mmax_level="sentence" id="markable_130" span="word_1901..word_1910" />
<markable mmax_level="sentence" id="markable_131" span="word_1911..word_1928" />
<markable mmax_level="sentence" id="markable_132" span="word_1929..word_1934" />
<markable mmax_level="sentence" id="markable_133" span="word_1935..word_1942" />
<markable mmax_level="sentence" id="markable_134" span="word_1943..word_1961" />
<markable mmax_level="sentence" id="markable_135" span="word_1962..word_1988" />
<markable mmax_level="sentence" id="markable_136" span="word_1989..word_2006" />
<markable mmax_level="sentence" id="markable_137" span="word_2007..word_2028" />
<markable mmax_level="sentence" id="markable_138" span="word_2029..word_2041" />
<markable mmax_level="sentence" id="markable_139" span="word_2042..word_2055" />
<markable mmax_level="sentence" id="markable_140" span="word_2056..word_2066" />
<markable mmax_level="sentence" id="markable_141" span="word_2067..word_2092" />
<markable mmax_level="sentence" id="markable_142" span="word_2093..word_2094" />
<markable mmax_level="sentence" id="markable_143" span="word_2095..word_2118" />
<markable mmax_level="sentence" id="markable_144" span="word_2119..word_2160" />
<markable mmax_level="sentence" id="markable_145" span="word_2161..word_2200" />
<markable mmax_level="sentence" id="markable_146" span="word_2201..word_2247" />
<markable mmax_level="sentence" id="markable_147" span="word_2248..word_2259" />
<markable mmax_level="sentence" id="markable_148" span="word_2260..word_2284" />
<markable mmax_level="sentence" id="markable_149" span="word_2285..word_2307" />
<markable mmax_level="sentence" id="markable_150" span="word_2308..word_2316" />
<markable mmax_level="sentence" id="markable_151" span="word_2317..word_2344" />
<markable mmax_level="sentence" id="markable_152" span="word_2345..word_2372" />
<markable mmax_level="sentence" id="markable_153" span="word_2373..word_2380" />
<markable mmax_level="sentence" id="markable_154" span="word_2381..word_2422" />
</markables>