<?xml version="1.0" encoding="UTF-8"?>
<!DOCTYPE markables SYSTEM "markables.dtd">
<markables xmlns="www.eml.org/NameSpaces/sentence">
<markable mmax_level="sentence" id="markable_1" span="word_1..word_11" />
<markable mmax_level="sentence" id="markable_2" span="word_12..word_14" />
<markable mmax_level="sentence" id="markable_3" span="word_15..word_42" />
<markable mmax_level="sentence" id="markable_4" span="word_43..word_52" />
<markable mmax_level="sentence" id="markable_5" span="word_53..word_72" />
<markable mmax_level="sentence" id="markable_6" span="word_73..word_88" />
<markable mmax_level="sentence" id="markable_7" span="word_89..word_102" />
<markable mmax_level="sentence" id="markable_8" span="word_103..word_121" />
<markable mmax_level="sentence" id="markable_9" span="word_122..word_138" />
<markable mmax_level="sentence" id="markable_10" span="word_139..word_145" />
<markable mmax_level="sentence" id="markable_11" span="word_146..word_154" />
<markable mmax_level="sentence" id="markable_12" span="word_155..word_164" />
<markable mmax_level="sentence" id="markable_13" span="word_165..word_179" />
<markable mmax_level="sentence" id="markable_14" span="word_180..word_206" />
<markable mmax_level="sentence" id="markable_15" span="word_207..word_236" />
<markable mmax_level="sentence" id="markable_16" span="word_237..word_257" />
<markable mmax_level="sentence" id="markable_17" span="word_258..word_276" />
<markable mmax_level="sentence" id="markable_18" span="word_277..word_291" />
<markable mmax_level="sentence" id="markable_19" span="word_292..word_314" />
<markable mmax_level="sentence" id="markable_20" span="word_315..word_321" />
<markable mmax_level="sentence" id="markable_21" span="word_322..word_345" />
<markable mmax_level="sentence" id="markable_22" span="word_346..word_386" />
<markable mmax_level="sentence" id="markable_23" span="word_387..word_400" />
<markable mmax_level="sentence" id="markable_24" span="word_401..word_424" />
<markable mmax_level="sentence" id="markable_25" span="word_425..word_442" />
<markable mmax_level="sentence" id="markable_26" span="word_443..word_470" />
<markable mmax_level="sentence" id="markable_27" span="word_471..word_483" />
<markable mmax_level="sentence" id="markable_28" span="word_484..word_504" />
<markable mmax_level="sentence" id="markable_29" span="word_505..word_533" />
<markable mmax_level="sentence" id="markable_30" span="word_534..word_559" />
<markable mmax_level="sentence" id="markable_31" span="word_560..word_580" />
<markable mmax_level="sentence" id="markable_32" span="word_581..word_591" />
<markable mmax_level="sentence" id="markable_33" span="word_592..word_600" />
<markable mmax_level="sentence" id="markable_34" span="word_601..word_615" />
<markable mmax_level="sentence" id="markable_35" span="word_616..word_640" />
<markable mmax_level="sentence" id="markable_36" span="word_641..word_647" />
<markable mmax_level="sentence" id="markable_37" span="word_648..word_680" />
<markable mmax_level="sentence" id="markable_38" span="word_681..word_699" />
<markable mmax_level="sentence" id="markable_39" span="word_700..word_718" />
<markable mmax_level="sentence" id="markable_40" span="word_719..word_735" />
<markable mmax_level="sentence" id="markable_41" span="word_736..word_771" />
<markable mmax_level="sentence" id="markable_42" span="word_772..word_786" />
<markable mmax_level="sentence" id="markable_43" span="word_787..word_798" />
<markable mmax_level="sentence" id="markable_44" span="word_799..word_816" />
<markable mmax_level="sentence" id="markable_45" span="word_817..word_851" />
<markable mmax_level="sentence" id="markable_46" span="word_852..word_860" />
<markable mmax_level="sentence" id="markable_47" span="word_861..word_867" />
<markable mmax_level="sentence" id="markable_48" span="word_868..word_874" />
<markable mmax_level="sentence" id="markable_49" span="word_875..word_903" />
<markable mmax_level="sentence" id="markable_50" span="word_904..word_909" />
<markable mmax_level="sentence" id="markable_51" span="word_910..word_930" />
<markable mmax_level="sentence" id="markable_52" span="word_931..word_950" />
<markable mmax_level="sentence" id="markable_53" span="word_951..word_998" />
<markable mmax_level="sentence" id="markable_54" span="word_999..word_1010" />
<markable mmax_level="sentence" id="markable_55" span="word_1011..word_1044" />
<markable mmax_level="sentence" id="markable_56" span="word_1045..word_1061" />
<markable mmax_level="sentence" id="markable_57" span="word_1062..word_1075" />
<markable mmax_level="sentence" id="markable_58" span="word_1076..word_1083" />
<markable mmax_level="sentence" id="markable_59" span="word_1084..word_1116" />
<markable mmax_level="sentence" id="markable_60" span="word_1117..word_1133" />
<markable mmax_level="sentence" id="markable_61" span="word_1134..word_1149" />
<markable mmax_level="sentence" id="markable_62" span="word_1150..word_1157" />
<markable mmax_level="sentence" id="markable_63" span="word_1158..word_1173" />
<markable mmax_level="sentence" id="markable_64" span="word_1174..word_1189" />
<markable mmax_level="sentence" id="markable_65" span="word_1190..word_1195" />
<markable mmax_level="sentence" id="markable_66" span="word_1196..word_1199" />
<markable mmax_level="sentence" id="markable_67" span="word_1200..word_1225" />
<markable mmax_level="sentence" id="markable_68" span="word_1226..word_1240" />
<markable mmax_level="sentence" id="markable_69" span="word_1241..word_1266" />
<markable mmax_level="sentence" id="markable_70" span="word_1267..word_1302" />
<markable mmax_level="sentence" id="markable_71" span="word_1303..word_1308" />
<markable mmax_level="sentence" id="markable_72" span="word_1309..word_1328" />
<markable mmax_level="sentence" id="markable_73" span="word_1329..word_1357" />
<markable mmax_level="sentence" id="markable_74" span="word_1358..word_1364" />
<markable mmax_level="sentence" id="markable_75" span="word_1365..word_1376" />
<markable mmax_level="sentence" id="markable_76" span="word_1377..word_1396" />
<markable mmax_level="sentence" id="markable_77" span="word_1397..word_1404" />
<markable mmax_level="sentence" id="markable_78" span="word_1405..word_1414" />
<markable mmax_level="sentence" id="markable_79" span="word_1415..word_1426" />
<markable mmax_level="sentence" id="markable_80" span="word_1427..word_1461" />
<markable mmax_level="sentence" id="markable_81" span="word_1462..word_1482" />
<markable mmax_level="sentence" id="markable_82" span="word_1483..word_1500" />
<markable mmax_level="sentence" id="markable_83" span="word_1501..word_1539" />
<markable mmax_level="sentence" id="markable_84" span="word_1540..word_1548" />
<markable mmax_level="sentence" id="markable_85" span="word_1549..word_1567" />
<markable mmax_level="sentence" id="markable_86" span="word_1568..word_1591" />
<markable mmax_level="sentence" id="markable_87" span="word_1592..word_1628" />
<markable mmax_level="sentence" id="markable_88" span="word_1629..word_1644" />
<markable mmax_level="sentence" id="markable_89" span="word_1645..word_1684" />
<markable mmax_level="sentence" id="markable_90" span="word_1685..word_1722" />
<markable mmax_level="sentence" id="markable_91" span="word_1723..word_1744" />
<markable mmax_level="sentence" id="markable_92" span="word_1745..word_1756" />
<markable mmax_level="sentence" id="markable_93" span="word_1757..word_1780" />
<markable mmax_level="sentence" id="markable_94" span="word_1781..word_1794" />
<markable mmax_level="sentence" id="markable_95" span="word_1795..word_1809" />
<markable mmax_level="sentence" id="markable_96" span="word_1810..word_1821" />
<markable mmax_level="sentence" id="markable_97" span="word_1822..word_1833" />
<markable mmax_level="sentence" id="markable_98" span="word_1834..word_1868" />
<markable mmax_level="sentence" id="markable_99" span="word_1869..word_1892" />
<markable mmax_level="sentence" id="markable_100" span="word_1893..word_1916" />
<markable mmax_level="sentence" id="markable_101" span="word_1917..word_1949" />
<markable mmax_level="sentence" id="markable_102" span="word_1950..word_1965" />
<markable mmax_level="sentence" id="markable_103" span="word_1966..word_1975" />
<markable mmax_level="sentence" id="markable_104" span="word_1976..word_1997" />
<markable mmax_level="sentence" id="markable_105" span="word_1998..word_2014" />
<markable mmax_level="sentence" id="markable_106" span="word_2015..word_2034" />
<markable mmax_level="sentence" id="markable_107" span="word_2035..word_2044" />
<markable mmax_level="sentence" id="markable_108" span="word_2045..word_2057" />
<markable mmax_level="sentence" id="markable_109" span="word_2058..word_2064" />
<markable mmax_level="sentence" id="markable_110" span="word_2065..word_2093" />
<markable mmax_level="sentence" id="markable_111" span="word_2094..word_2111" />
<markable mmax_level="sentence" id="markable_112" span="word_2112..word_2138" />
<markable mmax_level="sentence" id="markable_113" span="word_2139..word_2152" />
<markable mmax_level="sentence" id="markable_114" span="word_2153..word_2158" />
<markable mmax_level="sentence" id="markable_115" span="word_2159..word_2169" />
<markable mmax_level="sentence" id="markable_116" span="word_2170..word_2190" />
<markable mmax_level="sentence" id="markable_117" span="word_2191..word_2197" />
<markable mmax_level="sentence" id="markable_118" span="word_2198..word_2220" />
<markable mmax_level="sentence" id="markable_119" span="word_2221..word_2237" />
<markable mmax_level="sentence" id="markable_120" span="word_2238..word_2257" />
<markable mmax_level="sentence" id="markable_121" span="word_2258..word_2272" />
<markable mmax_level="sentence" id="markable_122" span="word_2273..word_2290" />
<markable mmax_level="sentence" id="markable_123" span="word_2291..word_2312" />
<markable mmax_level="sentence" id="markable_124" span="word_2313..word_2314" />
<markable mmax_level="sentence" id="markable_125" span="word_2315..word_2323" />
<markable mmax_level="sentence" id="markable_126" span="word_2324..word_2350" />
<markable mmax_level="sentence" id="markable_127" span="word_2351..word_2370" />
<markable mmax_level="sentence" id="markable_128" span="word_2371..word_2374" />
<markable mmax_level="sentence" id="markable_129" span="word_2375..word_2384" />
</markables>