<?xml version="1.0" encoding="UTF-8"?>
<!DOCTYPE markables SYSTEM "markables.dtd">
<markables xmlns="www.eml.org/NameSpaces/coref">
<markable id="markable_305" span="word_2845..word_2847" coref_class="empty"  category="organization"  mmax_level="coref"  rule="none"  type="none" />
<markable id="markable_512" span="word_2185" coref_class="empty"  category="time"  mmax_level="coref"  rule="none"  type="none" />
<markable id="markable_513" span="word_2169" coref_class="empty"  category="time"  mmax_level="coref"  rule="none"  type="none" />
<markable id="markable_510" span="word_2180..word_2181" coref_class="set_414"  category="person"  mmax_level="coref"  rule="none"  type="none" />
<markable id="markable_309" span="word_2928..word_2929" coref_class="empty"  category="person"  mmax_level="coref"  rule="none"  type="none" />
<markable id="markable_511" span="word_2179" coref_class="set_414"  category="profession"  mmax_level="coref"  rule="none"  type="none" />
<markable id="markable_102" span="word_1201" coref_class="set_43"  category="organization"  mmax_level="coref"  rule="none"  type="none" />
<markable id="markable_106" span="word_1222" coref_class="set_398"  category="location"  mmax_level="coref"  rule="none"  type="none" />
<markable id="markable_104" span="word_1209" coref_class="empty"  category="organization"  mmax_level="coref"  rule="none"  type="none" />
<markable id="markable_506" span="word_2116" coref_class="set_411"  category="profession"  mmax_level="coref"  rule="none"  type="none" />
<markable id="markable_505" span="word_2099" coref_class="set_412"  category="other"  mmax_level="coref"  rule="none"  type="none" />
<markable id="markable_504" span="word_2079..word_2080" coref_class="empty"  category="time"  mmax_level="coref"  rule="none"  type="none" />
<markable id="markable_503" span="word_2072..word_2073" coref_class="set_412"  category="other"  mmax_level="coref"  rule="none"  type="none" />
<markable id="markable_315" span="word_12..word_13" coref_class="set_454"  category="organization"  mmax_level="coref"  rule="none"  type="none" />
<markable id="markable_509" span="word_2140" coref_class="set_455"  category="other"  mmax_level="coref"  rule="none"  type="none" />
<markable id="markable_314" span="word_3..word_4" coref_class="set_454"  category="organization"  mmax_level="coref"  rule="none"  type="none" />
<markable id="markable_508" span="word_2137" coref_class="set_429"  category="profession"  mmax_level="coref"  rule="none"  type="none" />
<markable id="markable_507" span="word_2130..word_2131" coref_class="set_412"  category="other"  mmax_level="coref"  rule="none"  type="none" />
<markable id="markable_500" span="word_2054" coref_class="set_408"  category="profession"  mmax_level="coref"  rule="none"  type="none" />
<markable id="markable_501" span="word_2062..word_2063" coref_class="empty"  category="time"  mmax_level="coref"  rule="none"  type="none" />
<markable id="markable_502" span="word_2069" coref_class="set_412"  category="product"  mmax_level="coref"  rule="none"  type="none" />
<markable id="markable_107" span="word_1232" coref_class="set_398"  category="location"  mmax_level="coref"  rule="none"  type="none" />
<markable id="markable_108" span="word_1250" coref_class="empty"  category="location"  mmax_level="coref"  rule="none"  type="none" />
<markable id="markable_109" span="word_1287" coref_class="set_398"  category="location"  mmax_level="coref"  rule="none"  type="none" />
<markable id="markable_114" span="word_1330" coref_class="empty"  category="location"  mmax_level="coref"  rule="none"  type="none" />
<markable id="markable_303" span="word_2825..word_2826" coref_class="empty"  category="person"  mmax_level="coref"  rule="none"  type="none" />
<markable id="markable_45" span="word_392..word_393" coref_class="set_43"  category="organization"  mmax_level="coref"  rule="none"  type="none" />
<markable id="markable_49" span="word_451..word_452" coref_class="set_333"  category="organization"  mmax_level="coref"  rule="none"  type="none" />
<markable id="markable_55" span="word_637..word_638" coref_class="set_43"  category="organization"  mmax_level="coref"  rule="none"  type="none" />
<markable id="markable_53" span="word_619..word_620" coref_class="set_454"  category="organization"  mmax_level="coref"  rule="none"  type="none" />
<markable id="markable_414" span="word_980" coref_class="set_359"  category="other"  mmax_level="coref"  rule="none"  type="none" />
<markable id="markable_412" span="word_978" coref_class="set_359"  category="profession"  mmax_level="coref"  rule="none"  type="none" />
<markable id="markable_411" span="word_976" coref_class="set_359"  category="profession"  mmax_level="coref"  rule="none"  type="none" />
<markable id="markable_410" span="word_974" coref_class="set_359"  category="profession"  mmax_level="coref"  rule="none"  type="none" />
<markable id="markable_553" span="word_2562" coref_class="set_455"  category="other"  mmax_level="coref"  rule="none"  type="none" />
<markable id="markable_552" span="word_2523..word_2524" coref_class="set_454"  category="other"  mmax_level="coref"  rule="none"  type="none" />
<markable id="markable_551" span="word_2518" coref_class="set_431"  category="other"  mmax_level="coref"  rule="none"  type="none" />
<markable id="markable_550" span="word_2506" coref_class="set_431"  category="other"  mmax_level="coref"  rule="none"  type="none" />
<markable id="markable_557" span="word_2579" coref_class="empty"  category="profession"  mmax_level="coref"  rule="none"  type="none" />
<markable id="markable_555" span="word_2577" coref_class="set_455"  category="other"  mmax_level="coref"  rule="none"  type="none" />
<markable id="markable_554" span="word_2574" coref_class="empty"  category="profession"  mmax_level="coref"  rule="none"  type="none" />
<markable id="markable_549" span="word_2504" coref_class="set_431"  category="profession"  mmax_level="coref"  rule="none"  type="none" />
<markable id="markable_547" span="word_2472" coref_class="set_431"  category="other"  mmax_level="coref"  rule="none"  type="none" />
<markable id="markable_548" span="word_2472" coref_class="set_429"  category="other"  mmax_level="coref"  rule="none"  type="none" />
<markable id="markable_164" span="word_1722" coref_class="empty"  category="location"  mmax_level="coref"  rule="none"  type="none" />
<markable id="markable_408" span="word_338" coref_class="set_357"  category="profession"  mmax_level="coref"  rule="none"  type="none" />
<markable id="markable_409" span="word_935" coref_class="set_357"  category="profession"  mmax_level="coref"  rule="none"  type="none" />
<markable id="markable_144" span="word_1581" coref_class="set_143"  category="location"  mmax_level="coref"  rule="none"  type="none" />
<markable id="markable_406" span="word_970" coref_class="set_454"  category="other"  mmax_level="coref"  rule="none"  type="none" />
<markable id="markable_407" span="word_93" coref_class="set_454"  category="other"  mmax_level="coref"  rule="none"  type="none" />
<markable id="markable_404" span="word_904" coref_class="set_454"  category="other"  mmax_level="coref"  rule="none"  type="none" />
<markable id="markable_405" span="word_971" coref_class="set_454"  category="other"  mmax_level="coref"  rule="none"  type="none" />
<markable id="markable_148" span="word_1612" coref_class="set_143"  category="location"  mmax_level="coref"  rule="none"  type="none" />
<markable id="markable_401" span="word_866..word_867" coref_class="empty"  category="time"  mmax_level="coref"  rule="none"  type="none" />
<markable id="markable_400" span="word_854" coref_class="set_455"  category="other"  mmax_level="coref"  rule="none"  type="none" />
<markable id="markable_403" span="word_893" coref_class="set_454"  category="other"  mmax_level="coref"  rule="none"  type="none" />
<markable id="markable_402" span="word_888..word_889" coref_class="empty"  category="sum"  mmax_level="coref"  rule="none"  type="none" />
<markable id="markable_540" span="word_2407" coref_class="set_454"  category="other"  mmax_level="coref"  rule="none"  type="none" />
<markable id="markable_542" span="word_2437..word_2438" coref_class="set_454"  category="organization"  mmax_level="coref"  rule="none"  type="none" />
<markable id="markable_541" span="word_2414" coref_class="set_455"  category="other"  mmax_level="coref"  rule="none"  type="none" />
<markable id="markable_544" span="word_2456" coref_class="set_431"  category="other"  mmax_level="coref"  rule="none"  type="none" />
<markable id="markable_543" span="word_2454" coref_class="set_431"  category="profession"  mmax_level="coref"  rule="none"  type="none" />
<markable id="markable_546" span="word_2472" coref_class="empty"  category="profession"  mmax_level="coref"  rule="none"  type="none" />
<markable id="markable_545" span="word_2470" coref_class="set_454"  category="other"  mmax_level="coref"  rule="none"  type="none" />
<markable id="markable_536" span="word_2346" coref_class="set_454"  category="other"  mmax_level="coref"  rule="none"  type="none" />
<markable id="markable_537" span="word_2350..word_2352" coref_class="empty"  category="event"  mmax_level="coref"  rule="none"  type="none" />
<markable id="markable_538" span="word_2376" coref_class="empty"  category="profession"  mmax_level="coref"  rule="none"  type="none" />
<markable id="markable_539" span="word_2399" coref_class="set_454"  category="other"  mmax_level="coref"  rule="none"  type="none" />
<markable id="markable_150" span="word_1625" coref_class="set_143"  category="location"  mmax_level="coref"  rule="none"  type="none" />
<markable id="markable_154" span="word_1647" coref_class="empty"  category="person"  mmax_level="coref"  rule="none"  type="none" />
<markable id="markable_179" span="word_1951..word_1952" coref_class="set_403"  category="organization"  mmax_level="coref"  rule="none"  type="none" />
<markable id="markable_432" span="word_1131..word_1132" coref_class="empty"  category="sum"  mmax_level="coref"  rule="none"  type="none" />
<markable id="markable_431" span="word_1120..word_1121" coref_class="empty"  category="sum"  mmax_level="coref"  rule="none"  type="none" />
<markable id="markable_430" span="word_1103" coref_class="set_454"  category="other"  mmax_level="coref"  rule="none"  type="none" />
<markable id="markable_436" span="word_1159" coref_class="set_455"  category="profession"  mmax_level="coref"  rule="none"  type="none" />
<markable id="markable_435" span="word_1156" coref_class="set_454"  category="other"  mmax_level="coref"  rule="none"  type="none" />
<markable id="markable_434" span="word_1148..word_1149" coref_class="set_455"  category="other"  mmax_level="coref"  rule="none"  type="none" />
<markable id="markable_119" span="word_1383" coref_class="set_398"  category="location"  mmax_level="coref"  rule="none"  type="none" />
<markable id="markable_433" span="word_1145" coref_class="set_455"  category="other"  mmax_level="coref"  rule="none"  type="none" />
<markable id="markable_535" span="word_2347" coref_class="empty"  category="time"  mmax_level="coref"  rule="none"  type="none" />
<markable id="markable_534" span="word_2344" coref_class="empty"  category="product"  mmax_level="coref"  rule="none"  type="none" />
<markable id="markable_533" span="word_2334" coref_class="empty"  category="time"  mmax_level="coref"  rule="none"  type="none" />
<markable id="markable_532" span="word_2328..word_2330" coref_class="set_420"  category="event"  mmax_level="coref"  rule="none"  type="none" />
<markable id="markable_531" span="word_2276..word_2278" coref_class="set_420"  category="event"  mmax_level="coref"  rule="none"  type="none" />
<markable id="markable_530" span="word_2314..word_2315" coref_class="set_419"  category="other"  mmax_level="coref"  rule="none"  type="none" />
<markable id="markable_529" span="word_2311..word_2312" coref_class="empty"  category="person"  mmax_level="coref"  rule="none"  type="none" />
<markable id="markable_83" span="word_1059..word_1060" coref_class="set_43"  category="organization"  mmax_level="coref"  rule="none"  type="none" />
<markable id="markable_527" span="word_2297" coref_class="empty"  category="location"  mmax_level="coref"  rule="none"  type="none" />
<markable id="markable_85" span="word_1084..word_1085" coref_class="set_43"  category="organization"  mmax_level="coref"  rule="none"  type="none" />
<markable id="markable_528" span="word_2309" coref_class="set_418"  category="other"  mmax_level="coref"  rule="none"  type="none" />
<markable id="markable_525" span="word_2282..word_2286" coref_class="set_419"  category="product"  mmax_level="coref"  rule="none"  type="none" />
<markable id="markable_526" span="word_2290..word_2292" coref_class="set_418"  category="product"  mmax_level="coref"  rule="none"  type="none" />
<markable id="markable_428" span="word_1064" coref_class="set_454"  category="other"  mmax_level="coref"  rule="none"  type="none" />
<markable id="markable_429" span="word_1066" coref_class="set_454"  category="other"  mmax_level="coref"  rule="none"  type="none" />
<markable id="markable_426" span="word_1050" coref_class="set_455"  category="other"  mmax_level="coref"  rule="none"  type="none" />
<markable id="markable_280" span="word_2667..word_2668" coref_class="set_454"  category="organization"  mmax_level="coref"  rule="none"  type="none" />
<markable id="markable_427" span="word_1057" coref_class="set_454"  category="other"  mmax_level="coref"  rule="none"  type="none" />
<markable id="markable_124" span="word_1397" coref_class="set_398"  category="location"  mmax_level="coref"  rule="none"  type="none" />
<markable id="markable_188" span="word_2011..word_2012" coref_class="set_454"  category="organization"  mmax_level="coref"  rule="none"  type="none" />
<markable id="markable_122" span="word_1389..word_1390" coref_class="set_379"  category="person"  mmax_level="coref"  rule="none"  type="none" />
<markable id="markable_421" span="word_1026..word_1027" coref_class="empty"  category="sum"  mmax_level="coref"  rule="none"  type="none" />
<markable id="markable_420" span="word_1011" coref_class="set_360"  category="other"  mmax_level="coref"  rule="none"  type="none" />
<markable id="markable_423" span="word_1040" coref_class="empty"  category="profession"  mmax_level="coref"  rule="none"  type="none" />
<markable id="markable_422" span="word_1031" coref_class="set_454"  category="other"  mmax_level="coref"  rule="none"  type="none" />
<markable id="markable_425" span="word_1045" coref_class="set_454"  category="other"  mmax_level="coref"  rule="none"  type="none" />
<markable id="markable_424" span="word_1043" coref_class="empty"  category="profession"  mmax_level="coref"  rule="none"  type="none" />
<markable id="markable_522" span="word_2239..word_2240" coref_class="empty"  category="person"  mmax_level="coref"  rule="none"  type="none" />
<markable id="markable_521" span="word_2236..word_2237" coref_class="set_416"  category="person"  mmax_level="coref"  rule="none"  type="none" />
<markable id="markable_524" span="word_2273..word_2274" coref_class="empty"  category="time"  mmax_level="coref"  rule="none"  type="none" />
<markable id="markable_523" span="word_2265..word_2270" coref_class="empty"  category="product"  mmax_level="coref"  rule="none"  type="none" />
<markable id="markable_518" span="word_2233..word_2234" coref_class="empty"  category="person"  mmax_level="coref"  rule="none"  type="none" />
<markable id="markable_196" span="word_2045..word_2046" coref_class="empty"  category="person"  mmax_level="coref"  rule="none"  type="none" />
<markable id="markable_299" span="word_2817..word_2818" coref_class="empty"  category="person"  mmax_level="coref"  rule="none"  type="none" />
<markable id="markable_514" span="word_2187" coref_class="set_415"  category="profession"  mmax_level="coref"  rule="none"  type="none" />
<markable id="markable_98" span="word_1190" coref_class="set_43"  category="organization"  mmax_level="coref"  rule="none"  type="none" />
<markable id="markable_515" span="word_2197" coref_class="empty"  category="product"  mmax_level="coref"  rule="none"  type="none" />
<markable id="markable_516" span="word_2212" coref_class="empty"  category="product"  mmax_level="coref"  rule="none"  type="none" />
<markable id="markable_517" span="word_2220" coref_class="empty"  category="time"  mmax_level="coref"  rule="none"  type="none" />
<markable id="markable_95" span="word_1165..word_1166" coref_class="set_43"  category="organization"  mmax_level="coref"  rule="none"  type="none" />
<markable id="markable_191" span="word_2030..word_2031" coref_class="set_406"  category="person"  mmax_level="coref"  rule="none"  type="none" />
<markable id="markable_415" span="word_993" coref_class="set_359"  category="profession"  mmax_level="coref"  rule="none"  type="none" />
<markable id="markable_418" span="word_995..word_996" coref_class="empty"  category="sum"  mmax_level="coref"  rule="none"  type="none" />
<markable id="markable_419" span="word_1005..word_1006" coref_class="set_360"  category="sum"  mmax_level="coref"  rule="none"  type="none" />
<markable id="markable_198" span="word_2055..word_2056" coref_class="set_408"  category="person"  mmax_level="coref"  rule="none"  type="none" />
<markable id="markable_294" span="word_2784..word_2786" coref_class="set_454"  category="organization"  mmax_level="coref"  rule="none"  type="none" />
<markable id="markable_391" span="word_791..word_792" coref_class="empty"  category="sum"  mmax_level="coref"  rule="none"  type="none" />
<markable id="markable_390" span="word_783..word_785" coref_class="empty"  category="sum"  mmax_level="coref"  rule="none"  type="none" />
<markable id="markable_449" span="word_1386" coref_class="set_455"  category="other"  mmax_level="coref"  rule="none"  type="none" />
<markable id="markable_448" span="word_1376" coref_class="set_455"  category="other"  mmax_level="coref"  rule="none"  type="none" />
<markable id="markable_392" span="word_802..word_803" coref_class="empty"  category="time"  mmax_level="coref"  rule="none"  type="none" />
<markable id="markable_395" span="word_811" coref_class="set_454"  category="other"  mmax_level="coref"  rule="none"  type="none" />
<markable id="markable_394" span="word_808..word_809" coref_class="empty"  category="sum"  mmax_level="coref"  rule="none"  type="none" />
<markable id="markable_397" span="word_828" coref_class="set_455"  category="profession"  mmax_level="coref"  rule="none"  type="none" />
<markable id="markable_396" span="word_818" coref_class="set_455"  category="other"  mmax_level="coref"  rule="none"  type="none" />
<markable id="markable_399" span="word_840" coref_class="set_454"  category="other"  mmax_level="coref"  rule="none"  type="none" />
<markable id="markable_398" span="word_35" coref_class="set_455"  category="profession"  mmax_level="coref"  rule="none"  type="none" />
<markable id="markable_594" span="word_2908" coref_class="set_453"  category="profession"  mmax_level="coref"  rule="none"  type="none" />
<markable id="markable_16" span="word_64..word_65" coref_class="set_379"  category="person"  mmax_level="coref"  rule="none"  type="none" />
<markable id="markable_595" span="word_2917" coref_class="set_453"  category="profession"  mmax_level="coref"  rule="none"  type="none" />
<markable id="markable_596" span="word_2931" coref_class="empty"  category="product"  mmax_level="coref"  rule="none"  type="none" />
<markable id="markable_597" span="word_2947" coref_class="set_454"  category="other"  mmax_level="coref"  rule="none"  type="none" />
<markable id="markable_450" span="word_1392" coref_class="set_379"  category="other"  mmax_level="coref"  rule="none"  type="none" />
<markable id="markable_17" span="word_69" coref_class="set_379"  category="person"  mmax_level="coref"  rule="none"  type="none" />
<markable id="markable_598" span="word_1" coref_class="set_455"  category="person"  mmax_level="coref"  rule="none"  type="none" />
<markable id="markable_455" span="word_1465" coref_class="set_455"  category="other"  mmax_level="coref"  rule="none"  type="none" />
<markable id="markable_456" span="word_1468" coref_class="set_455"  category="other"  mmax_level="coref"  rule="none"  type="none" />
<markable id="markable_457" span="word_1585..word_1587" coref_class="set_392"  category="organization"  mmax_level="coref"  rule="none"  type="none" />
<markable id="markable_458" span="word_1593..word_1594" coref_class="set_454"  category="other"  mmax_level="coref"  rule="none"  type="none" />
<markable id="markable_590" span="word_2882" coref_class="set_454"  category="other"  mmax_level="coref"  rule="none"  type="none" />
<markable id="markable_591" span="word_2896" coref_class="set_453"  category="profession"  mmax_level="coref"  rule="none"  type="none" />
<markable id="markable_592" span="word_2902..word_2903" coref_class="empty"  category="time"  mmax_level="coref"  rule="none"  type="none" />
<markable id="markable_453" span="word_1433" coref_class="set_455"  category="other"  mmax_level="coref"  rule="none"  type="none" />
<markable id="markable_593" span="word_2910" coref_class="set_455"  category="other"  mmax_level="coref"  rule="none"  type="none" />
<markable id="markable_454" span="word_1458" coref_class="set_455"  category="other"  mmax_level="coref"  rule="none"  type="none" />
<markable id="markable_380" span="word_685..word_686" coref_class="empty"  category="sum"  mmax_level="coref"  rule="none"  type="none" />
<markable id="markable_249" span="word_2348" coref_class="empty"  category="location"  mmax_level="coref"  rule="none"  type="none" />
<markable id="markable_384" span="word_741..word_742" coref_class="empty"  category="sum"  mmax_level="coref"  rule="none"  type="none" />
<markable id="markable_439" span="word_1181" coref_class="set_455"  category="other"  mmax_level="coref"  rule="none"  type="none" />
<markable id="markable_383" span="word_739" coref_class="set_454"  category="other"  mmax_level="coref"  rule="none"  type="none" />
<markable id="markable_244" span="word_2293..word_2294" coref_class="set_418"  category="person"  mmax_level="coref"  rule="none"  type="none" />
<markable id="markable_438" span="word_1180" coref_class="set_455"  category="profession"  mmax_level="coref"  rule="none"  type="none" />
<markable id="markable_382" span="word_689" coref_class="set_454"  category="other"  mmax_level="coref"  rule="none"  type="none" />
<markable id="markable_437" span="word_1175" coref_class="set_454"  category="other"  mmax_level="coref"  rule="none"  type="none" />
<markable id="markable_381" span="word_688" coref_class="empty"  category="time"  mmax_level="coref"  rule="none"  type="none" />
<markable id="markable_388" span="word_763" coref_class="set_454"  category="other"  mmax_level="coref"  rule="none"  type="none" />
<markable id="markable_386" span="word_748..word_749" coref_class="empty"  category="sum"  mmax_level="coref"  rule="none"  type="none" />
<markable id="markable_389" span="word_768..word_769" coref_class="empty"  category="event"  mmax_level="coref"  rule="none"  type="none" />
<markable id="markable_585" span="word_2822" coref_class="empty"  category="product"  mmax_level="coref"  rule="none"  type="none" />
<markable id="markable_586" span="word_2830..word_2831" coref_class="empty"  category="product"  mmax_level="coref"  rule="none"  type="none" />
<markable id="markable_583" span="word_2806" coref_class="set_447"  category="other"  mmax_level="coref"  rule="none"  type="none" />
<markable id="markable_584" span="word_2812..word_2814" coref_class="empty"  category="product"  mmax_level="coref"  rule="none"  type="none" />
<markable id="markable_589" span="word_2870" coref_class="set_449"  category="other"  mmax_level="coref"  rule="none"  type="none" />
<markable id="markable_587" span="word_2862" coref_class="set_449"  category="profession"  mmax_level="coref"  rule="none"  type="none" />
<markable id="markable_588" span="word_2864" coref_class="set_449"  category="other"  mmax_level="coref"  rule="none"  type="none" />
<markable id="markable_446" span="word_1315" coref_class="set_376"  category="other"  mmax_level="coref"  rule="none"  type="none" />
<markable id="markable_447" span="word_1357..word_1358" coref_class="empty"  category="organization"  mmax_level="coref"  rule="none"  type="none" />
<markable id="markable_444" span="word_1265" coref_class="empty"  category="organization"  mmax_level="coref"  rule="none"  type="none" />
<markable id="markable_445" span="word_1312..word_1313" coref_class="set_376"  category="organization"  mmax_level="coref"  rule="none"  type="none" />
<markable id="markable_581" span="word_2798..word_2799" coref_class="empty"  category="person"  mmax_level="coref"  rule="none"  type="none" />
<markable id="markable_442" span="word_1213..word_1214" coref_class="set_375"  category="profession"  mmax_level="coref"  rule="none"  type="none" />
<markable id="markable_582" span="word_2803" coref_class="set_447"  category="product"  mmax_level="coref"  rule="none"  type="none" />
<markable id="markable_443" span="word_1303..word_1304" coref_class="empty"  category="organization"  mmax_level="coref"  rule="none"  type="none" />
<markable id="markable_440" span="word_389..word_390" coref_class="set_403"  category="organization"  mmax_level="coref"  rule="none"  type="none" />
<markable id="markable_580" span="word_2769" coref_class="set_446"  category="profession"  mmax_level="coref"  rule="none"  type="none" />
<markable id="markable_441" span="word_1206..word_1207" coref_class="set_375"  category="person"  mmax_level="coref"  rule="none"  type="none" />
<markable id="markable_371" span="word_644" coref_class="set_454"  category="other"  mmax_level="coref"  rule="none"  type="none" />
<markable id="markable_370" span="word_634..word_635" coref_class="empty"  category="time"  mmax_level="coref"  rule="none"  type="none" />
<markable id="markable_275" span="word_2625..word_2626" coref_class="empty"  category="person"  mmax_level="coref"  rule="none"  type="none" />
<markable id="markable_373" span="word_649" coref_class="empty"  category="time"  mmax_level="coref"  rule="none"  type="none" />
<markable id="markable_278" span="word_2652..word_2653" coref_class="set_411"  category="person"  mmax_level="coref"  rule="none"  type="none" />
<markable id="markable_372" span="word_643" coref_class="empty"  category="time"  mmax_level="coref"  rule="none"  type="none" />
<markable id="markable_379" span="word_682" coref_class="empty"  category="time"  mmax_level="coref"  rule="none"  type="none" />
<markable id="markable_378" span="word_678..word_680" coref_class="empty"  category="sum"  mmax_level="coref"  rule="none"  type="none" />
<markable id="markable_375" span="word_666..word_667" coref_class="empty"  category="time"  mmax_level="coref"  rule="none"  type="none" />
<markable id="markable_374" span="word_655..word_656" coref_class="empty"  category="time"  mmax_level="coref"  rule="none"  type="none" />
<markable id="markable_9" span="word_36..word_37" coref_class="set_455"  category="person"  mmax_level="coref"  rule="none"  type="none" />
<markable id="markable_377" span="word_673" coref_class="set_454"  category="other"  mmax_level="coref"  rule="none"  type="none" />
<markable id="markable_376" span="word_671..word_672" coref_class="empty"  category="time"  mmax_level="coref"  rule="none"  type="none" />
<markable id="markable_576" span="word_2703" coref_class="empty"  category="profession"  mmax_level="coref"  rule="none"  type="none" />
<markable id="markable_577" span="word_2730" coref_class="set_454"  category="other"  mmax_level="coref"  rule="none"  type="none" />
<markable id="markable_578" span="word_2754" coref_class="set_446"  category="profession"  mmax_level="coref"  rule="none"  type="none" />
<markable id="markable_579" span="word_2757" coref_class="set_446"  category="other"  mmax_level="coref"  rule="none"  type="none" />
<markable id="markable_573" span="word_2681..word_2683" coref_class="empty"  category="profession"  mmax_level="coref"  rule="none"  type="none" />
<markable id="markable_470" span="word_1679" coref_class="empty"  category="location"  mmax_level="coref"  rule="none"  type="none" />
<markable id="markable_574" span="word_2689" coref_class="set_455"  category="other"  mmax_level="coref"  rule="none"  type="none" />
<markable id="markable_471" span="word_1688" coref_class="set_455"  category="other"  mmax_level="coref"  rule="none"  type="none" />
<markable id="markable_575" span="word_2695" coref_class="set_455"  category="other"  mmax_level="coref"  rule="none"  type="none" />
<markable id="markable_472" span="word_1692..word_1693" coref_class="set_454"  category="other"  mmax_level="coref"  rule="none"  type="none" />
<markable id="markable_473" span="word_1695..word_1696" coref_class="empty"  category="sum"  mmax_level="coref"  rule="none"  type="none" />
<markable id="markable_475" span="word_1699..word_1700" coref_class="empty"  category="sum"  mmax_level="coref"  rule="none"  type="none" />
<markable id="markable_476" span="word_1704..word_1705" coref_class="empty"  category="organization"  mmax_level="coref"  rule="none"  type="none" />
<markable id="markable_477" span="word_1706" coref_class="empty"  category="profession"  mmax_level="coref"  rule="none"  type="none" />
<markable id="markable_478" span="word_1723" coref_class="set_455"  category="other"  mmax_level="coref"  rule="none"  type="none" />
<markable id="markable_479" span="word_1734" coref_class="set_455"  category="other"  mmax_level="coref"  rule="none"  type="none" />
<markable id="markable_361" span="word_561..word_562" coref_class="empty"  category="sum"  mmax_level="coref"  rule="none"  type="none" />
<markable id="markable_360" span="word_556" coref_class="empty"  category="time"  mmax_level="coref"  rule="none"  type="none" />
<markable id="markable_459" span="word_1619" coref_class="set_455"  category="other"  mmax_level="coref"  rule="none"  type="none" />
<markable id="markable_369" span="word_632" coref_class="empty"  category="time"  mmax_level="coref"  rule="none"  type="none" />
<markable id="markable_368" span="word_614..word_615" coref_class="empty"  category="sum"  mmax_level="coref"  rule="none"  type="none" />
<markable id="markable_367" span="word_607..word_608" coref_class="empty"  category="sum"  mmax_level="coref"  rule="none"  type="none" />
<markable id="markable_366" span="word_604..word_605" coref_class="empty"  category="sum"  mmax_level="coref"  rule="none"  type="none" />
<markable id="markable_365" span="word_596..word_597" coref_class="empty"  category="sum"  mmax_level="coref"  rule="none"  type="none" />
<markable id="markable_559" span="word_2592" coref_class="set_455"  category="other"  mmax_level="coref"  rule="none"  type="none" />
<markable id="markable_364" span="word_585" coref_class="empty"  category="time"  mmax_level="coref"  rule="none"  type="none" />
<markable id="markable_558" span="word_2582" coref_class="set_455"  category="other"  mmax_level="coref"  rule="none"  type="none" />
<markable id="markable_363" span="word_581" coref_class="set_454"  category="other"  mmax_level="coref"  rule="none"  type="none" />
<markable id="markable_567" span="word_2675" coref_class="set_455"  category="other"  mmax_level="coref"  rule="none"  type="none" />
<markable id="markable_6" span="word_32..word_34" coref_class="set_454"  category="organization"  mmax_level="coref"  rule="none"  type="none" />
<markable id="markable_565" span="word_2641..word_2642" coref_class="empty"  category="profession"  mmax_level="coref"  rule="none"  type="none" />
<markable id="markable_23" span="word_102..word_103" coref_class="set_379"  category="person"  mmax_level="coref"  rule="none"  type="none" />
<markable id="markable_566" span="word_2643" coref_class="set_454"  category="other"  mmax_level="coref"  rule="none"  type="none" />
<markable id="markable_4" span="word_30" coref_class="empty"  category="organization"  mmax_level="coref"  rule="none"  type="none" />
<markable id="markable_460" span="word_1626" coref_class="set_388"  category="profession"  mmax_level="coref"  rule="none"  type="none" />
<markable id="markable_564" span="word_2622..word_2623" coref_class="empty"  category="person"  mmax_level="coref"  rule="none"  type="none" />
<markable id="markable_461" span="word_1628" coref_class="set_388"  category="other"  mmax_level="coref"  rule="none"  type="none" />
<markable id="markable_561" span="word_2616..word_2617" coref_class="empty"  category="person"  mmax_level="coref"  rule="none"  type="none" />
<markable id="markable_562" span="word_2619..word_2620" coref_class="empty"  category="person"  mmax_level="coref"  rule="none"  type="none" />
<markable id="markable_464" span="word_1644..word_1645" coref_class="empty"  category="organization"  mmax_level="coref"  rule="none"  type="none" />
<markable id="markable_560" span="word_2599" coref_class="set_454"  category="other"  mmax_level="coref"  rule="none"  type="none" />
<markable id="markable_462" span="word_1634..word_1635" coref_class="set_454"  category="other"  mmax_level="coref"  rule="none"  type="none" />
<markable id="markable_463" span="word_1637" coref_class="set_455"  category="other"  mmax_level="coref"  rule="none"  type="none" />
<markable id="markable_468" span="word_1664..word_1665" coref_class="empty"  category="sum"  mmax_level="coref"  rule="none"  type="none" />
<markable id="markable_469" span="word_1670..word_1671" coref_class="empty"  category="sum"  mmax_level="coref"  rule="none"  type="none" />
<markable id="markable_466" span="word_1651..word_1653" coref_class="set_392"  category="organization"  mmax_level="coref"  rule="none"  type="none" />
<markable id="markable_467" span="word_1658" coref_class="set_392"  category="other"  mmax_level="coref"  rule="none"  type="none" />
<markable id="markable_352" span="word_518..word_519" coref_class="set_454"  category="organization"  mmax_level="coref"  rule="none"  type="none" />
<markable id="markable_353" span="word_524" coref_class="set_454"  category="other"  mmax_level="coref"  rule="none"  type="none" />
<markable id="markable_354" span="word_528..word_529" coref_class="empty"  category="time"  mmax_level="coref"  rule="none"  type="none" />
<markable id="markable_355" span="word_536..word_537" coref_class="empty"  category="time"  mmax_level="coref"  rule="none"  type="none" />
<markable id="markable_356" span="word_453" coref_class="set_454"  category="other"  mmax_level="coref"  rule="none"  type="none" />
<markable id="markable_357" span="word_539..word_540" coref_class="empty"  category="time"  mmax_level="coref"  rule="none"  type="none" />
<markable id="markable_358" span="word_541" coref_class="set_454"  category="other"  mmax_level="coref"  rule="none"  type="none" />
<markable id="markable_359" span="word_549" coref_class="set_454"  category="other"  mmax_level="coref"  rule="none"  type="none" />
<markable id="markable_214" span="word_2188..word_2189" coref_class="set_415"  category="person"  mmax_level="coref"  rule="none"  type="none" />
<markable id="markable_216" span="word_2194..word_2195" coref_class="empty"  category="person"  mmax_level="coref"  rule="none"  type="none" />
<markable id="markable_350" span="word_503..word_504" coref_class="empty"  category="time"  mmax_level="coref"  rule="none"  type="none" />
<markable id="markable_212" span="word_2171..word_2172" coref_class="empty"  category="person"  mmax_level="coref"  rule="none"  type="none" />
<markable id="markable_499" span="word_2042" coref_class="set_407"  category="other"  mmax_level="coref"  rule="none"  type="none" />
<markable id="markable_496" span="word_2026" coref_class="set_406"  category="other"  mmax_level="coref"  rule="none"  type="none" />
<markable id="markable_207" span="word_2117" coref_class="set_411"  category="person"  mmax_level="coref"  rule="none"  type="none" />
<markable id="markable_495" span="word_2025" coref_class="set_455"  category="other"  mmax_level="coref"  rule="none"  type="none" />
<markable id="markable_206" span="word_2092..word_2093" coref_class="empty"  category="person"  mmax_level="coref"  rule="none"  type="none" />
<markable id="markable_498" span="word_2037..word_2038" coref_class="set_407"  category="product"  mmax_level="coref"  rule="none"  type="none" />
<markable id="markable_497" span="word_2035" coref_class="set_406"  category="other"  mmax_level="coref"  rule="none"  type="none" />
<markable id="markable_208" span="word_2135..word_2136" coref_class="set_454"  category="organization"  mmax_level="coref"  rule="none"  type="none" />
<markable id="markable_492" span="word_1974..word_1975" coref_class="empty"  category="organization"  mmax_level="coref"  rule="none"  type="none" />
<markable id="markable_491" span="word_1935" coref_class="set_454"  category="other"  mmax_level="coref"  rule="none"  type="none" />
<markable id="markable_349" span="word_480" coref_class="set_454"  category="other"  mmax_level="coref"  rule="none"  type="none" />
<markable id="markable_494" span="word_2018" coref_class="empty"  category="time"  mmax_level="coref"  rule="none"  type="none" />
<markable id="markable_493" span="word_2015..word_2016" coref_class="empty"  category="time"  mmax_level="coref"  rule="none"  type="none" />
<markable id="markable_490" span="word_1921..word_1922" coref_class="empty"  category="time"  mmax_level="coref"  rule="none"  type="none" />
<markable id="markable_343" span="word_386" coref_class="empty"  category="organization"  mmax_level="coref"  rule="none"  type="none" />
<markable id="markable_344" span="word_396..word_397" coref_class="set_333"  category="organization"  mmax_level="coref"  rule="none"  type="none" />
<markable id="markable_341" span="word_379..word_380" coref_class="empty"  category="profession"  mmax_level="coref"  rule="none"  type="none" />
<markable id="markable_342" span="word_382..word_383" coref_class="empty"  category="profession"  mmax_level="coref"  rule="none"  type="none" />
<markable id="markable_347" span="word_469..word_471" coref_class="empty"  category="sum"  mmax_level="coref"  rule="none"  type="none" />
<markable id="markable_348" span="word_477..word_478" coref_class="empty"  category="sum"  mmax_level="coref"  rule="none"  type="none" />
<markable id="markable_345" span="word_401" coref_class="set_454"  category="other"  mmax_level="coref"  rule="none"  type="none" />
<markable id="markable_346" span="word_426" coref_class="set_454"  category="other"  mmax_level="coref"  rule="none"  type="none" />
<markable id="markable_204" span="word_2074..word_2075" coref_class="set_454"  category="organization"  mmax_level="coref"  rule="none"  type="none" />
<markable id="markable_202" span="word_2065..word_2066" coref_class="empty"  category="person"  mmax_level="coref"  rule="none"  type="none" />
<markable id="markable_200" span="word_2058..word_2059" coref_class="set_411"  category="person"  mmax_level="coref"  rule="none"  type="none" />
<markable id="markable_340" span="word_375" coref_class="set_455"  category="other"  mmax_level="coref"  rule="none"  type="none" />
<markable id="markable_488" span="word_1919" coref_class="empty"  category="time"  mmax_level="coref"  rule="none"  type="none" />
<markable id="markable_487" span="word_1908" coref_class="set_454"  category="other"  mmax_level="coref"  rule="none"  type="none" />
<markable id="markable_486" span="word_1890..word_1892" coref_class="empty"  category="organization"  mmax_level="coref"  rule="none"  type="none" />
<markable id="markable_485" span="word_1858" coref_class="set_400"  category="other"  mmax_level="coref"  rule="none"  type="none" />
<markable id="markable_484" span="word_1838" coref_class="set_400"  category="other"  mmax_level="coref"  rule="none"  type="none" />
<markable id="markable_483" span="word_1836" coref_class="set_400"  category="profession"  mmax_level="coref"  rule="none"  type="none" />
<markable id="markable_482" span="word_1832" coref_class="empty"  category="profession"  mmax_level="coref"  rule="none"  type="none" />
<markable id="markable_481" span="word_1767" coref_class="set_398"  category="other"  mmax_level="coref"  rule="none"  type="none" />
<markable id="markable_339" span="word_357" coref_class="set_454"  category="other"  mmax_level="coref"  rule="none"  type="none" />
<markable id="markable_480" span="word_1752" coref_class="set_398"  category="other"  mmax_level="coref"  rule="none"  type="none" />
<markable id="markable_338" span="word_347" coref_class="set_454"  category="other"  mmax_level="coref"  rule="none"  type="none" />
<markable id="markable_334" span="word_232" coref_class="set_454"  category="other"  mmax_level="coref"  rule="none"  type="none" />
<markable id="markable_335" span="word_284" coref_class="set_454"  category="other"  mmax_level="coref"  rule="none"  type="none" />
<markable id="markable_336" span="word_319" coref_class="set_454"  category="other"  mmax_level="coref"  rule="none"  type="none" />
<markable id="markable_337" span="word_322..word_323" coref_class="empty"  category="time"  mmax_level="coref"  rule="none"  type="none" />
<markable id="markable_330" span="word_188" coref_class="set_454"  category="other"  mmax_level="coref"  rule="none"  type="none" />
<markable id="markable_331" span="word_216" coref_class="set_455"  category="other"  mmax_level="coref"  rule="none"  type="none" />
<markable id="markable_332" span="word_220" coref_class="set_454"  category="other"  mmax_level="coref"  rule="none"  type="none" />
<markable id="markable_333" span="word_223..word_224" coref_class="empty"  category="organization"  mmax_level="coref"  rule="none"  type="none" />
<markable id="markable_232" span="word_2242..word_2243" coref_class="empty"  category="person"  mmax_level="coref"  rule="none"  type="none" />
<markable id="markable_235" span="word_2258..word_2259" coref_class="empty"  category="person"  mmax_level="coref"  rule="none"  type="none" />
<markable id="markable_237" span="word_2261..word_2262" coref_class="empty"  category="person"  mmax_level="coref"  rule="none"  type="none" />
<markable id="markable_328" span="word_155" coref_class="set_454"  category="other"  mmax_level="coref"  rule="none"  type="none" />
<markable id="markable_327" span="word_143" coref_class="set_454"  category="other"  mmax_level="coref"  rule="none"  type="none" />
<markable id="markable_329" span="word_161" coref_class="set_455"  category="other"  mmax_level="coref"  rule="none"  type="none" />
<markable id="markable_325" span="word_123" coref_class="set_454"  category="other"  mmax_level="coref"  rule="none"  type="none" />
<markable id="markable_326" span="word_128" coref_class="set_454"  category="other"  mmax_level="coref"  rule="none"  type="none" />
<markable id="markable_323" span="word_107..word_108" coref_class="set_454"  category="organization"  mmax_level="coref"  rule="none"  type="none" />
<markable id="markable_324" span="word_121" coref_class="set_455"  category="other"  mmax_level="coref"  rule="none"  type="none" />
<markable id="markable_321" span="word_88" coref_class="set_455"  category="other"  mmax_level="coref"  rule="none"  type="none" />
<markable id="markable_322" span="word_98" coref_class="set_455"  category="other"  mmax_level="coref"  rule="none"  type="none" />
<markable id="markable_320" span="word_90..word_91" coref_class="empty"  category="time"  mmax_level="coref"  rule="none"  type="none" />
<markable id="markable_221" span="word_2203..word_2204" coref_class="set_416"  category="person"  mmax_level="coref"  rule="none"  type="none" />
<markable id="markable_224" span="word_2218..word_2219" coref_class="empty"  category="person"  mmax_level="coref"  rule="none"  type="none" />
<markable id="markable_219" span="word_2200..word_2201" coref_class="empty"  category="person"  mmax_level="coref"  rule="none"  type="none" />
<markable id="markable_319" span="word_81..word_82" coref_class="empty"  category="organization"  mmax_level="coref"  rule="none"  type="none" />
<markable id="markable_318" span="word_79" coref_class="set_454"  category="organization"  mmax_level="coref"  rule="none"  type="none" />
<markable id="markable_317" span="word_74..word_76" coref_class="empty"  category="organization"  mmax_level="coref"  rule="none"  type="none" />
<markable id="markable_316" span="word_55..word_56" coref_class="set_333"  category="organization"  mmax_level="coref"  rule="none"  type="none" />
</markables>