<?xml version="1.0" encoding="UTF-8"?>
<!DOCTYPE markables SYSTEM "markables.dtd">
<markables xmlns="www.eml.org/NameSpaces/coref">
<markable id="markable_102" span="word_272..word_273" coref_class="set_48"  category="organization"  mmax_level="coref"  rule="none"  type="none" />
<markable id="markable_101" span="word_266" coref_class="set_46"  category="location"  mmax_level="coref"  rule="none"  type="none" />
<markable id="markable_100" span="word_260..word_262" coref_class="empty"  category="sum"  mmax_level="coref"  rule="none"  type="none" />
<markable id="markable_160" span="word_1109" coref_class="set_48"  category="other"  mmax_level="coref"  rule="none"  type="none" />
<markable id="markable_161" span="word_1125..word_1126" coref_class="empty"  category="sum"  mmax_level="coref"  rule="none"  type="none" />
<markable id="markable_141" span="word_791" coref_class="set_10"  category="other"  mmax_level="coref"  rule="none"  type="none" />
<markable id="markable_162" span="word_1160..word_1161" coref_class="set_48"  category="organization"  mmax_level="coref"  rule="none"  type="none" />
<markable id="markable_142" span="word_797" coref_class="set_45"  category="location"  mmax_level="coref"  rule="none"  type="none" />
<markable id="markable_105" span="word_292" coref_class="set_42"  category="location"  mmax_level="coref"  rule="none"  type="none" />
<markable id="markable_163" span="word_1164" coref_class="empty"  category="time"  mmax_level="coref"  rule="none"  type="none" />
<markable id="markable_164" span="word_1167..word_1168" coref_class="empty"  category="sum"  mmax_level="coref"  rule="none"  type="none" />
<markable id="markable_140" span="word_279" coref_class="set_10"  category="other"  mmax_level="coref"  rule="none"  type="none" />
<markable id="markable_103" span="word_276" coref_class="set_45"  category="location"  mmax_level="coref"  rule="none"  type="none" />
<markable id="markable_165" span="word_1171..word_1173" coref_class="empty"  category="sum"  mmax_level="coref"  rule="none"  type="none" />
<markable id="markable_145" span="word_214..word_215" coref_class="set_42"  category="organization"  mmax_level="coref"  rule="none"  type="none" />
<markable id="markable_166" span="word_1177..word_1179" coref_class="empty"  category="organization"  mmax_level="coref"  rule="none"  type="none" />
<markable id="markable_146" span="word_309..word_310" coref_class="empty"  category="organization"  mmax_level="coref"  rule="none"  type="none" />
<markable id="markable_167" span="word_1183..word_1184" coref_class="empty"  category="time"  mmax_level="coref"  rule="none"  type="none" />
<markable id="markable_143" span="word_27..word_28" coref_class="empty"  category="organization"  mmax_level="coref"  rule="none"  type="none" />
<markable id="markable_168" span="word_1185" coref_class="set_48"  category="other"  mmax_level="coref"  rule="none"  type="none" />
<markable id="markable_144" span="word_39..word_40" coref_class="empty"  category="organization"  mmax_level="coref"  rule="none"  type="none" />
<markable id="markable_169" span="word_1188..word_1190" coref_class="empty"  category="sum"  mmax_level="coref"  rule="none"  type="none" />
<markable id="markable_147" span="word_492..word_493" coref_class="empty"  category="organization"  mmax_level="coref"  rule="none"  type="none" />
<markable id="markable_148" span="word_682..word_683" coref_class="set_22"  category="organization"  mmax_level="coref"  rule="none"  type="none" />
<markable id="markable_107" span="word_315..word_317" coref_class="empty"  category="sum"  mmax_level="coref"  rule="none"  type="none" />
<markable id="markable_108" span="word_332" coref_class="set_46"  category="location"  mmax_level="coref"  rule="none"  type="none" />
<markable id="markable_109" span="word_335" coref_class="set_42"  category="location"  mmax_level="coref"  rule="none"  type="none" />
<markable id="markable_170" span="word_1194..word_1195" coref_class="set_48"  category="organization"  mmax_level="coref"  rule="none"  type="none" />
<markable id="markable_111" span="word_443" coref_class="set_42"  category="location"  mmax_level="coref"  rule="none"  type="none" />
<markable id="markable_171" span="word_1199..word_1200" coref_class="empty"  category="sum"  mmax_level="coref"  rule="none"  type="none" />
<markable id="markable_110" span="word_409..word_410" coref_class="empty"  category="time"  mmax_level="coref"  rule="none"  type="none" />
<markable id="markable_113" span="word_473" coref_class="empty"  category="location"  mmax_level="coref"  rule="none"  type="none" />
<markable id="markable_112" span="word_445" coref_class="set_46"  category="location"  mmax_level="coref"  rule="none"  type="none" />
<markable id="markable_174" span="word_1207..word_1208" coref_class="empty"  category="sum"  mmax_level="coref"  rule="none"  type="none" />
<markable id="markable_79" span="word_21..word_22" coref_class="set_48"  category="organization"  mmax_level="coref"  rule="none"  type="none" />
<markable id="markable_115" span="word_477" coref_class="empty"  category="location"  mmax_level="coref"  rule="none"  type="none" />
<markable id="markable_175" span="word_226" coref_class="set_42"  category="other"  mmax_level="coref"  rule="none"  type="none" />
<markable id="markable_151" span="word_890" coref_class="set_46"  category="location"  mmax_level="coref"  rule="none"  type="none" />
<markable id="markable_114" span="word_475" coref_class="empty"  category="location"  mmax_level="coref"  rule="none"  type="none" />
<markable id="markable_172" span="word_1203..word_1204" coref_class="empty"  category="time"  mmax_level="coref"  rule="none"  type="none" />
<markable id="markable_152" span="word_911" coref_class="set_46"  category="location"  mmax_level="coref"  rule="none"  type="none" />
<markable id="markable_77" span="word_5" coref_class="set_46"  category="location"  mmax_level="coref"  rule="none"  type="none" />
<markable id="markable_117" span="word_481" coref_class="empty"  category="location"  mmax_level="coref"  rule="none"  type="none" />
<markable id="markable_173" span="word_1192" coref_class="empty"  category="time"  mmax_level="coref"  rule="none"  type="none" />
<markable id="markable_153" span="word_930" coref_class="set_48"  category="other"  mmax_level="coref"  rule="none"  type="none" />
<markable id="markable_78" span="word_10..word_12" coref_class="empty"  category="sum"  mmax_level="coref"  rule="none"  type="none" />
<markable id="markable_116" span="word_479" coref_class="empty"  category="location"  mmax_level="coref"  rule="none"  type="none" />
<markable id="markable_154" span="word_947" coref_class="set_48"  category="other"  mmax_level="coref"  rule="none"  type="none" />
<markable id="markable_75" span="word_2..word_3" coref_class="set_48"  category="organization"  mmax_level="coref"  rule="none"  type="none" />
<markable id="markable_178" span="word_874..word_875" coref_class="set_22"  category="other"  mmax_level="coref"  rule="none"  type="none" />
<markable id="markable_155" span="word_956..word_957" coref_class="empty"  category="sum"  mmax_level="coref"  rule="none"  type="none" />
<markable id="markable_179" span="word_67" coref_class="set_23"  category="profession"  mmax_level="coref"  rule="none"  type="none" />
<markable id="markable_176" span="word_439..word_441" coref_class="set_42"  category="other"  mmax_level="coref"  rule="none"  type="none" />
<markable id="markable_156" span="word_1015" coref_class="set_45"  category="location"  mmax_level="coref"  rule="none"  type="none" />
<markable id="markable_157" span="word_1035" coref_class="set_46"  category="location"  mmax_level="coref"  rule="none"  type="none" />
<markable id="markable_158" span="word_1096" coref_class="set_48"  category="other"  mmax_level="coref"  rule="none"  type="none" />
<markable id="markable_159" span="word_1107" coref_class="set_47"  category="location"  mmax_level="coref"  rule="none"  type="none" />
<markable id="markable_119" span="word_485" coref_class="empty"  category="location"  mmax_level="coref"  rule="none"  type="none" />
<markable id="markable_118" span="word_483" coref_class="empty"  category="location"  mmax_level="coref"  rule="none"  type="none" />
<markable id="markable_183" span="word_309" coref_class="set_42"  category="location"  mmax_level="coref"  rule="none"  type="none" />
<markable id="markable_184" span="word_492" coref_class="set_42"  category="location"  mmax_level="coref"  rule="none"  type="none" />
<markable id="markable_80" span="word_24..word_25" coref_class="empty"  category="time"  mmax_level="coref"  rule="none"  type="none" />
<markable id="markable_120" span="word_487" coref_class="empty"  category="location"  mmax_level="coref"  rule="none"  type="none" />
<markable id="markable_185" span="word_197" coref_class="set_47"  category="location"  mmax_level="coref"  rule="none"  type="none" />
<markable id="markable_83" span="word_34..word_36" coref_class="empty"  category="sum"  mmax_level="coref"  rule="none"  type="none" />
<markable id="markable_186" span="word_682" coref_class="set_42"  category="location"  mmax_level="coref"  rule="none"  type="none" />
<markable id="markable_82" span="word_30" coref_class="set_48"  category="other"  mmax_level="coref"  rule="none"  type="none" />
<markable id="markable_85" span="word_42..word_44" coref_class="empty"  category="sum"  mmax_level="coref"  rule="none"  type="none" />
<markable id="markable_180" span="word_27" coref_class="set_46"  category="location"  mmax_level="coref"  rule="none"  type="none" />
<markable id="markable_181" span="word_39" coref_class="set_27"  category="location"  mmax_level="coref"  rule="none"  type="none" />
<markable id="markable_87" span="word_61..word_63" coref_class="empty"  category="organization"  mmax_level="coref"  rule="none"  type="none" />
<markable id="markable_182" span="word_214" coref_class="set_27"  category="location"  mmax_level="coref"  rule="none"  type="none" />
<markable id="markable_86" span="word_53" coref_class="set_45"  category="location"  mmax_level="coref"  rule="none"  type="none" />
<markable id="markable_127" span="word_529" coref_class="set_47"  category="location"  mmax_level="coref"  rule="none"  type="none" />
<markable id="markable_89" span="word_68..word_69" coref_class="set_23"  category="person"  mmax_level="coref"  rule="none"  type="none" />
<markable id="markable_128" span="word_542" coref_class="set_46"  category="location"  mmax_level="coref"  rule="none"  type="none" />
<markable id="markable_88" span="word_66" coref_class="set_48"  category="other"  mmax_level="coref"  rule="none"  type="none" />
<markable id="markable_125" span="word_517" coref_class="set_48"  category="other"  mmax_level="coref"  rule="none"  type="none" />
<markable id="markable_126" span="word_526" coref_class="set_45"  category="location"  mmax_level="coref"  rule="none"  type="none" />
<markable id="markable_187" span="word_874" coref_class="set_42"  category="location"  mmax_level="coref"  rule="none"  type="none" />
<markable id="markable_123" span="word_497..word_498" coref_class="empty"  category="sum"  mmax_level="coref"  rule="none"  type="none" />
<markable id="markable_124" span="word_506" coref_class="set_45"  category="location"  mmax_level="coref"  rule="none"  type="none" />
<markable id="markable_121" span="word_489" coref_class="set_45"  category="location"  mmax_level="coref"  rule="none"  type="none" />
<markable id="markable_129" span="word_615..word_616" coref_class="empty"  category="sum"  mmax_level="coref"  rule="none"  type="none" />
<markable id="markable_94" span="word_180..word_181" coref_class="set_48"  category="organization"  mmax_level="coref"  rule="none"  type="none" />
<markable id="markable_93" span="word_171" coref_class="empty"  category="organization"  mmax_level="coref"  rule="none"  type="none" />
<markable id="markable_130" span="word_618..word_619" coref_class="empty"  category="sum"  mmax_level="coref"  rule="none"  type="none" />
<markable id="markable_92" span="word_125" coref_class="set_48"  category="other"  mmax_level="coref"  rule="none"  type="none" />
<markable id="markable_131" span="word_633" coref_class="set_48"  category="other"  mmax_level="coref"  rule="none"  type="none" />
<markable id="markable_97" span="word_204..word_206" coref_class="empty"  category="sum"  mmax_level="coref"  rule="none"  type="none" />
<markable id="markable_136" span="word_778..word_779" coref_class="empty"  category="organization"  mmax_level="coref"  rule="none"  type="none" />
<markable id="markable_138" span="word_197..word_201" coref_class="set_10"  category="organization"  mmax_level="coref"  rule="none"  type="none" />
<markable id="markable_99" span="word_220..word_222" coref_class="empty"  category="sum"  mmax_level="coref"  rule="none"  type="none" />
<markable id="markable_133" span="word_731" coref_class="set_48"  category="other"  mmax_level="coref"  rule="none"  type="none" />
<markable id="markable_134" span="word_752..word_753" coref_class="empty"  category="sum"  mmax_level="coref"  rule="none"  type="none" />
<markable id="markable_135" span="word_767..word_768" coref_class="set_48"  category="organization"  mmax_level="coref"  rule="none"  type="none" />
</markables>