<?xml version="1.0" encoding="UTF-8"?>
<!DOCTYPE markables SYSTEM "markables.dtd">
<markables xmlns="www.eml.org/NameSpaces/sentence">
<markable mmax_level="sentence" id="markable_1" span="word_1..word_8" />
<markable mmax_level="sentence" id="markable_2" span="word_9..word_11" />
<markable mmax_level="sentence" id="markable_3" span="word_12..word_38" />
<markable mmax_level="sentence" id="markable_4" span="word_39..word_60" />
<markable mmax_level="sentence" id="markable_5" span="word_61..word_86" />
<markable mmax_level="sentence" id="markable_6" span="word_87..word_97" />
<markable mmax_level="sentence" id="markable_7" span="word_98..word_106" />
<markable mmax_level="sentence" id="markable_8" span="word_107..word_120" />
<markable mmax_level="sentence" id="markable_9" span="word_121..word_127" />
<markable mmax_level="sentence" id="markable_10" span="word_128..word_150" />
<markable mmax_level="sentence" id="markable_11" span="word_151..word_160" />
<markable mmax_level="sentence" id="markable_12" span="word_161..word_185" />
<markable mmax_level="sentence" id="markable_13" span="word_186..word_201" />
<markable mmax_level="sentence" id="markable_14" span="word_202..word_215" />
<markable mmax_level="sentence" id="markable_15" span="word_216..word_240" />
<markable mmax_level="sentence" id="markable_16" span="word_241..word_258" />
<markable mmax_level="sentence" id="markable_17" span="word_259..word_271" />
<markable mmax_level="sentence" id="markable_18" span="word_272..word_279" />
<markable mmax_level="sentence" id="markable_19" span="word_280..word_294" />
<markable mmax_level="sentence" id="markable_20" span="word_295..word_306" />
<markable mmax_level="sentence" id="markable_21" span="word_307..word_333" />
<markable mmax_level="sentence" id="markable_22" span="word_334..word_356" />
<markable mmax_level="sentence" id="markable_23" span="word_357..word_374" />
<markable mmax_level="sentence" id="markable_24" span="word_375..word_413" />
<markable mmax_level="sentence" id="markable_25" span="word_414..word_418" />
<markable mmax_level="sentence" id="markable_26" span="word_419..word_449" />
<markable mmax_level="sentence" id="markable_27" span="word_450..word_461" />
<markable mmax_level="sentence" id="markable_28" span="word_462..word_479" />
<markable mmax_level="sentence" id="markable_29" span="word_480..word_505" />
<markable mmax_level="sentence" id="markable_30" span="word_506..word_516" />
<markable mmax_level="sentence" id="markable_31" span="word_517..word_523" />
<markable mmax_level="sentence" id="markable_32" span="word_524..word_538" />
<markable mmax_level="sentence" id="markable_33" span="word_539..word_552" />
<markable mmax_level="sentence" id="markable_34" span="word_553..word_566" />
<markable mmax_level="sentence" id="markable_35" span="word_567..word_580" />
<markable mmax_level="sentence" id="markable_36" span="word_581..word_598" />
<markable mmax_level="sentence" id="markable_37" span="word_599..word_616" />
<markable mmax_level="sentence" id="markable_38" span="word_617..word_636" />
<markable mmax_level="sentence" id="markable_39" span="word_637..word_650" />
<markable mmax_level="sentence" id="markable_40" span="word_651..word_681" />
<markable mmax_level="sentence" id="markable_41" span="word_682..word_687" />
<markable mmax_level="sentence" id="markable_42" span="word_688..word_700" />
<markable mmax_level="sentence" id="markable_43" span="word_701..word_721" />
<markable mmax_level="sentence" id="markable_44" span="word_722..word_736" />
<markable mmax_level="sentence" id="markable_45" span="word_737..word_762" />
<markable mmax_level="sentence" id="markable_46" span="word_763..word_780" />
<markable mmax_level="sentence" id="markable_47" span="word_781..word_787" />
<markable mmax_level="sentence" id="markable_48" span="word_788..word_797" />
<markable mmax_level="sentence" id="markable_49" span="word_798..word_810" />
<markable mmax_level="sentence" id="markable_50" span="word_811..word_823" />
<markable mmax_level="sentence" id="markable_51" span="word_824..word_853" />
<markable mmax_level="sentence" id="markable_52" span="word_854..word_877" />
<markable mmax_level="sentence" id="markable_53" span="word_878..word_890" />
<markable mmax_level="sentence" id="markable_54" span="word_891..word_918" />
<markable mmax_level="sentence" id="markable_55" span="word_919..word_934" />
<markable mmax_level="sentence" id="markable_56" span="word_935..word_945" />
<markable mmax_level="sentence" id="markable_57" span="word_946..word_955" />
<markable mmax_level="sentence" id="markable_58" span="word_956..word_967" />
<markable mmax_level="sentence" id="markable_59" span="word_968..word_989" />
<markable mmax_level="sentence" id="markable_60" span="word_990..word_1021" />
<markable mmax_level="sentence" id="markable_61" span="word_1022..word_1028" />
<markable mmax_level="sentence" id="markable_62" span="word_1029..word_1038" />
<markable mmax_level="sentence" id="markable_63" span="word_1039..word_1049" />
<markable mmax_level="sentence" id="markable_64" span="word_1050..word_1058" />
<markable mmax_level="sentence" id="markable_65" span="word_1059..word_1071" />
<markable mmax_level="sentence" id="markable_66" span="word_1072..word_1082" />
<markable mmax_level="sentence" id="markable_67" span="word_1083..word_1102" />
<markable mmax_level="sentence" id="markable_68" span="word_1103..word_1108" />
<markable mmax_level="sentence" id="markable_69" span="word_1109..word_1133" />
<markable mmax_level="sentence" id="markable_70" span="word_1134..word_1144" />
<markable mmax_level="sentence" id="markable_71" span="word_1145..word_1158" />
<markable mmax_level="sentence" id="markable_72" span="word_1159..word_1178" />
<markable mmax_level="sentence" id="markable_73" span="word_1179..word_1195" />
<markable mmax_level="sentence" id="markable_74" span="word_1196..word_1205" />
<markable mmax_level="sentence" id="markable_75" span="word_1206..word_1226" />
<markable mmax_level="sentence" id="markable_76" span="word_1227..word_1239" />
<markable mmax_level="sentence" id="markable_77" span="word_1240..word_1249" />
<markable mmax_level="sentence" id="markable_78" span="word_1250..word_1274" />
<markable mmax_level="sentence" id="markable_79" span="word_1275..word_1302" />
<markable mmax_level="sentence" id="markable_80" span="word_1303..word_1310" />
<markable mmax_level="sentence" id="markable_81" span="word_1311..word_1328" />
<markable mmax_level="sentence" id="markable_82" span="word_1329..word_1352" />
<markable mmax_level="sentence" id="markable_83" span="word_1353..word_1370" />
<markable mmax_level="sentence" id="markable_84" span="word_1371..word_1375" />
<markable mmax_level="sentence" id="markable_85" span="word_1376..word_1384" />
<markable mmax_level="sentence" id="markable_86" span="word_1385..word_1402" />
<markable mmax_level="sentence" id="markable_87" span="word_1403..word_1428" />
<markable mmax_level="sentence" id="markable_88" span="word_1429..word_1456" />
<markable mmax_level="sentence" id="markable_89" span="word_1457..word_1462" />
<markable mmax_level="sentence" id="markable_90" span="word_1463..word_1467" />
<markable mmax_level="sentence" id="markable_91" span="word_1468..word_1508" />
<markable mmax_level="sentence" id="markable_92" span="word_1509..word_1531" />
<markable mmax_level="sentence" id="markable_93" span="word_1532..word_1549" />
<markable mmax_level="sentence" id="markable_94" span="word_1550..word_1574" />
<markable mmax_level="sentence" id="markable_95" span="word_1575..word_1582" />
<markable mmax_level="sentence" id="markable_96" span="word_1583..word_1592" />
<markable mmax_level="sentence" id="markable_97" span="word_1593..word_1599" />
<markable mmax_level="sentence" id="markable_98" span="word_1600..word_1608" />
<markable mmax_level="sentence" id="markable_99" span="word_1609..word_1636" />
<markable mmax_level="sentence" id="markable_100" span="word_1637..word_1650" />
<markable mmax_level="sentence" id="markable_101" span="word_1651..word_1675" />
<markable mmax_level="sentence" id="markable_102" span="word_1676..word_1703" />
<markable mmax_level="sentence" id="markable_103" span="word_1704..word_1721" />
<markable mmax_level="sentence" id="markable_104" span="word_1722..word_1732" />
<markable mmax_level="sentence" id="markable_105" span="word_1733..word_1766" />
<markable mmax_level="sentence" id="markable_106" span="word_1767..word_1778" />
<markable mmax_level="sentence" id="markable_107" span="word_1779..word_1821" />
<markable mmax_level="sentence" id="markable_108" span="word_1822..word_1833" />
<markable mmax_level="sentence" id="markable_109" span="word_1834..word_1861" />
<markable mmax_level="sentence" id="markable_110" span="word_1862..word_1885" />
<markable mmax_level="sentence" id="markable_111" span="word_1886..word_1893" />
<markable mmax_level="sentence" id="markable_112" span="word_1894..word_1900" />
<markable mmax_level="sentence" id="markable_113" span="word_1901..word_1907" />
<markable mmax_level="sentence" id="markable_114" span="word_1908..word_1933" />
<markable mmax_level="sentence" id="markable_115" span="word_1934..word_1943" />
<markable mmax_level="sentence" id="markable_116" span="word_1944..word_1948" />
<markable mmax_level="sentence" id="markable_117" span="word_1949..word_1986" />
<markable mmax_level="sentence" id="markable_118" span="word_1987..word_1996" />
<markable mmax_level="sentence" id="markable_119" span="word_1997..word_2008" />
<markable mmax_level="sentence" id="markable_120" span="word_2009..word_2017" />
<markable mmax_level="sentence" id="markable_121" span="word_2018..word_2049" />
<markable mmax_level="sentence" id="markable_122" span="word_2050..word_2057" />
<markable mmax_level="sentence" id="markable_123" span="word_2058..word_2089" />
<markable mmax_level="sentence" id="markable_124" span="word_2090..word_2094" />
<markable mmax_level="sentence" id="markable_125" span="word_2095..word_2105" />
<markable mmax_level="sentence" id="markable_126" span="word_2106..word_2124" />
<markable mmax_level="sentence" id="markable_127" span="word_2125..word_2139" />
<markable mmax_level="sentence" id="markable_128" span="word_2140..word_2166" />
<markable mmax_level="sentence" id="markable_129" span="word_2167..word_2182" />
<markable mmax_level="sentence" id="markable_130" span="word_2183..word_2207" />
<markable mmax_level="sentence" id="markable_131" span="word_2208..word_2217" />
<markable mmax_level="sentence" id="markable_132" span="word_2218..word_2244" />
<markable mmax_level="sentence" id="markable_133" span="word_2245..word_2257" />
<markable mmax_level="sentence" id="markable_134" span="word_2258..word_2272" />
<markable mmax_level="sentence" id="markable_135" span="word_2273..word_2288" />
<markable mmax_level="sentence" id="markable_136" span="word_2289..word_2313" />
<markable mmax_level="sentence" id="markable_137" span="word_2314..word_2333" />
<markable mmax_level="sentence" id="markable_138" span="word_2334..word_2340" />
<markable mmax_level="sentence" id="markable_139" span="word_2341..word_2354" />
<markable mmax_level="sentence" id="markable_140" span="word_2355..word_2363" />
<markable mmax_level="sentence" id="markable_141" span="word_2364..word_2377" />
<markable mmax_level="sentence" id="markable_142" span="word_2378..word_2393" />
<markable mmax_level="sentence" id="markable_143" span="word_2394..word_2402" />
<markable mmax_level="sentence" id="markable_144" span="word_2403..word_2411" />
<markable mmax_level="sentence" id="markable_145" span="word_2412..word_2423" />
<markable mmax_level="sentence" id="markable_146" span="word_2424..word_2444" />
<markable mmax_level="sentence" id="markable_147" span="word_2445..word_2467" />
<markable mmax_level="sentence" id="markable_148" span="word_2468..word_2499" />
<markable mmax_level="sentence" id="markable_149" span="word_2500..word_2521" />
<markable mmax_level="sentence" id="markable_150" span="word_2522..word_2545" />
<markable mmax_level="sentence" id="markable_151" span="word_2546..word_2561" />
<markable mmax_level="sentence" id="markable_152" span="word_2562..word_2575" />
<markable mmax_level="sentence" id="markable_153" span="word_2576..word_2591" />
<markable mmax_level="sentence" id="markable_154" span="word_2592..word_2597" />
<markable mmax_level="sentence" id="markable_155" span="word_2598..word_2627" />
<markable mmax_level="sentence" id="markable_156" span="word_2628..word_2640" />
<markable mmax_level="sentence" id="markable_157" span="word_2641..word_2646" />
<markable mmax_level="sentence" id="markable_158" span="word_2647..word_2658" />
<markable mmax_level="sentence" id="markable_159" span="word_2659..word_2685" />
<markable mmax_level="sentence" id="markable_160" span="word_2686..word_2692" />
<markable mmax_level="sentence" id="markable_161" span="word_2693..word_2700" />
<markable mmax_level="sentence" id="markable_162" span="word_2701..word_2707" />
<markable mmax_level="sentence" id="markable_163" span="word_2708..word_2722" />
<markable mmax_level="sentence" id="markable_164" span="word_2723..word_2729" />
<markable mmax_level="sentence" id="markable_165" span="word_2730..word_2738" />
<markable mmax_level="sentence" id="markable_166" span="word_2739..word_2749" />
<markable mmax_level="sentence" id="markable_167" span="word_2750..word_2764" />
<markable mmax_level="sentence" id="markable_168" span="word_2765..word_2783" />
<markable mmax_level="sentence" id="markable_169" span="word_2784..word_2795" />
<markable mmax_level="sentence" id="markable_170" span="word_2796..word_2833" />
<markable mmax_level="sentence" id="markable_171" span="word_2834..word_2849" />
<markable mmax_level="sentence" id="markable_172" span="word_2850..word_2863" />
<markable mmax_level="sentence" id="markable_173" span="word_2864..word_2880" />
<markable mmax_level="sentence" id="markable_174" span="word_2881..word_2893" />
<markable mmax_level="sentence" id="markable_175" span="word_2894..word_2904" />
<markable mmax_level="sentence" id="markable_176" span="word_2905..word_2915" />
</markables>