<?xml version="1.0" encoding="UTF-8"?>
<!DOCTYPE markables SYSTEM "markables.dtd">
<markables xmlns="www.eml.org/NameSpaces/coref">
<markable id="markable_16" span="word_46..word_49" coref_class="set_0"  category="organization"  mmax_level="coref"  rule="none"  type="none" />
<markable id="markable_15" span="word_41..word_42" coref_class="empty"  category="other"  mmax_level="coref"  rule="none"  type="none" />
<markable id="markable_18" span="word_54..word_56" coref_class="set_16"  category="organization"  mmax_level="coref"  rule="none"  type="none" />
<markable id="markable_17" span="word_51" coref_class="set_15"  category="organization"  mmax_level="coref"  rule="none"  type="none" />
<markable id="markable_66" span="word_318" coref_class="empty"  category="location"  mmax_level="coref"  rule="none"  type="none" />
<markable id="markable_12" span="word_28" coref_class="set_41"  category="profession"  mmax_level="coref"  rule="none"  type="none" />
<markable id="markable_11" span="word_25" coref_class="set_1"  category="organization"  mmax_level="coref"  rule="none"  type="none" />
<markable id="markable_68" span="word_178..word_179" coref_class="empty"  category="organization"  mmax_level="coref"  rule="none"  type="none" />
<markable id="markable_69" span="word_178" coref_class="set_39"  category="location"  mmax_level="coref"  rule="none"  type="none" />
<markable id="markable_13" span="word_29..word_30" coref_class="set_41"  category="person"  mmax_level="coref"  rule="none"  type="none" />
<markable id="markable_62" span="word_277..word_278" coref_class="set_37"  category="person"  mmax_level="coref"  rule="none"  type="none" />
<markable id="markable_63" span="word_280..word_281" coref_class="set_41"  category="person"  mmax_level="coref"  rule="none"  type="none" />
<markable id="markable_64" span="word_284" coref_class="set_39"  category="location"  mmax_level="coref"  rule="none"  type="none" />
<markable id="markable_10" span="word_23" coref_class="set_1"  category="organization"  mmax_level="coref"  rule="none"  type="none" />
<markable id="markable_65" span="word_286" coref_class="set_38"  category="location"  mmax_level="coref"  rule="none"  type="none" />
<markable id="markable_60" span="word_273" coref_class="set_39"  category="location"  mmax_level="coref"  rule="none"  type="none" />
<markable id="markable_61" span="word_274..word_276" coref_class="set_37"  category="person"  mmax_level="coref"  rule="none"  type="none" />
<markable id="markable_75" span="word_280..word_282" coref_class="empty"  category="other"  mmax_level="coref"  rule="none"  type="none" />
<markable id="markable_76" span="word_76" coref_class="empty"  category="organization"  mmax_level="coref"  rule="none"  type="none" />
<markable id="markable_73" span="word_318..word_322" coref_class="empty"  category="organization"  mmax_level="coref"  rule="none"  type="none" />
<markable id="markable_74" span="word_286..word_288" coref_class="empty"  category="organization"  mmax_level="coref"  rule="none"  type="none" />
<markable id="markable_71" span="word_136..word_137" coref_class="set_41"  category="person"  mmax_level="coref"  rule="none"  type="none" />
<markable id="markable_72" span="word_269..word_270" coref_class="empty"  category="organization"  mmax_level="coref"  rule="none"  type="none" />
<markable id="markable_70" span="word_9" coref_class="set_41"  category="person"  mmax_level="coref"  rule="none"  type="none" />
<markable id="markable_8" span="word_15..word_17" coref_class="set_15"  category="organization"  mmax_level="coref"  rule="none"  type="none" />
<markable id="markable_9" span="word_20" coref_class="empty"  category="organization"  mmax_level="coref"  rule="none"  type="none" />
<markable id="markable_34" span="word_151" coref_class="set_15"  category="organization"  mmax_level="coref"  rule="none"  type="none" />
<markable id="markable_44" span="word_216" coref_class="set_39"  category="location"  mmax_level="coref"  rule="none"  type="none" />
<markable id="markable_33" span="word_146" coref_class="set_40"  category="organization"  mmax_level="coref"  rule="none"  type="none" />
<markable id="markable_45" span="word_218" coref_class="set_25"  category="person"  mmax_level="coref"  rule="none"  type="none" />
<markable id="markable_46" span="word_220" coref_class="empty"  category="person"  mmax_level="coref"  rule="none"  type="none" />
<markable id="markable_35" span="word_156..word_158" coref_class="set_16"  category="organization"  mmax_level="coref"  rule="none"  type="none" />
<markable id="markable_47" span="word_224" coref_class="set_25"  category="person"  mmax_level="coref"  rule="none"  type="none" />
<markable id="markable_38" span="word_187" coref_class="set_41"  category="person"  mmax_level="coref"  rule="none"  type="none" />
<markable id="markable_48" span="word_226" coref_class="set_41"  category="person"  mmax_level="coref"  rule="none"  type="none" />
<markable id="markable_37" span="word_185" coref_class="set_41"  category="person"  mmax_level="coref"  rule="none"  type="none" />
<markable id="markable_49" span="word_229" coref_class="set_38"  category="location"  mmax_level="coref"  rule="none"  type="none" />
<markable id="markable_39" span="word_190" coref_class="set_39"  category="organization"  mmax_level="coref"  rule="none"  type="none" />
<markable id="markable_30" span="word_131" coref_class="set_41"  category="person"  mmax_level="coref"  rule="none"  type="none" />
<markable id="markable_40" span="word_201" coref_class="set_38"  category="location"  mmax_level="coref"  rule="none"  type="none" />
<markable id="markable_41" span="word_204..word_208" coref_class="set_22"  category="organization"  mmax_level="coref"  rule="none"  type="none" />
<markable id="markable_32" span="word_143..word_144" coref_class="set_40"  category="organization"  mmax_level="coref"  rule="none"  type="none" />
<markable id="markable_42" span="word_210" coref_class="set_22"  category="organization"  mmax_level="coref"  rule="none"  type="none" />
<markable id="markable_31" span="word_140" coref_class="set_13"  category="organization"  mmax_level="coref"  rule="none"  type="none" />
<markable id="markable_43" span="word_213" coref_class="set_41"  category="person"  mmax_level="coref"  rule="none"  type="none" />
<markable id="markable_19" span="word_51..word_56" coref_class="set_0"  category="organization"  mmax_level="coref"  rule="none"  type="none" />
<markable id="markable_57" span="word_265..word_266" coref_class="set_41"  category="person"  mmax_level="coref"  rule="none"  type="none" />
<markable id="markable_25" span="word_76..word_77" coref_class="empty"  category="location"  mmax_level="coref"  rule="none"  type="none" />
<markable id="markable_7" span="word_13" coref_class="empty"  category="location"  mmax_level="coref"  rule="none"  type="none" />
<markable id="markable_58" span="word_269" coref_class="set_39"  category="location"  mmax_level="coref"  rule="none"  type="none" />
<markable id="markable_24" span="word_73" coref_class="empty"  category="location"  mmax_level="coref"  rule="none"  type="none" />
<markable id="markable_6" span="word_11" coref_class="set_39"  category="location"  mmax_level="coref"  rule="none"  type="none" />
<markable id="markable_55" span="word_261" coref_class="set_32"  category="person"  mmax_level="coref"  rule="none"  type="none" />
<markable id="markable_23" span="word_41" coref_class="set_38"  category="location"  mmax_level="coref"  rule="none"  type="none" />
<markable id="markable_5" span="word_7" coref_class="set_13"  category="organization"  mmax_level="coref"  rule="none"  type="proper" />
<markable id="markable_56" span="word_262..word_263" coref_class="set_32"  category="person"  mmax_level="coref"  rule="none"  type="none" />
<markable id="markable_22" span="word_48" coref_class="set_39"  category="location"  mmax_level="coref"  rule="none"  type="none" />
<markable id="markable_4" span="word_3" coref_class="set_38"  category="location"  mmax_level="coref"  rule="none"  type="proper" />
<markable id="markable_3" span="word_3..word_5" coref_class="empty"  category="organization"  mmax_level="coref"  rule="none"  type="none" />
<markable id="markable_29" span="word_116" coref_class="set_39"  category="location"  mmax_level="coref"  rule="none"  type="none" />
<markable id="markable_28" span="word_111" coref_class="set_41"  category="person"  mmax_level="coref"  rule="none"  type="none" />
<markable id="markable_59" span="word_271" coref_class="set_38"  category="location"  mmax_level="coref"  rule="none"  type="none" />
<markable id="markable_27" span="word_108" coref_class="set_13"  category="organization"  mmax_level="coref"  rule="none"  type="none" />
<markable id="markable_26" span="word_87" coref_class="set_13"  category="organization"  mmax_level="coref"  rule="none"  type="none" />
<markable id="markable_50" span="word_231" coref_class="set_39"  category="location"  mmax_level="coref"  rule="none"  type="none" />
<markable id="markable_53" span="word_251" coref_class="set_31"  category="person"  mmax_level="coref"  rule="none"  type="none" />
<markable id="markable_21" span="word_67" coref_class="set_39"  category="location"  mmax_level="coref"  rule="none"  type="none" />
<markable id="markable_54" span="word_252..word_253" coref_class="set_31"  category="person"  mmax_level="coref"  rule="none"  type="none" />
<markable id="markable_20" span="word_63" coref_class="set_38"  category="location"  mmax_level="coref"  rule="none"  type="none" />
<markable id="markable_51" span="word_246" coref_class="set_41"  category="person"  mmax_level="coref"  rule="none"  type="none" />
<markable id="markable_52" span="word_250" coref_class="set_39"  category="location"  mmax_level="coref"  rule="none"  type="none" />
</markables>