<?xml version="1.0" encoding="UTF-8"?>
<!DOCTYPE markables SYSTEM "markables.dtd">
<markables xmlns="www.eml.org/NameSpaces/sentence">
<markable mmax_level="sentence" id="markable_1" span="word_1..word_34" />
<markable mmax_level="sentence" id="markable_2" span="word_35..word_58" />
<markable mmax_level="sentence" id="markable_3" span="word_59..word_84" />
<markable mmax_level="sentence" id="markable_4" span="word_85..word_110" />
<markable mmax_level="sentence" id="markable_5" span="word_111..word_130" />
<markable mmax_level="sentence" id="markable_6" span="word_131..word_167" />
<markable mmax_level="sentence" id="markable_7" span="word_168..word_186" />
<markable mmax_level="sentence" id="markable_8" span="word_187..word_212" />
<markable mmax_level="sentence" id="markable_9" span="word_213..word_221" />
<markable mmax_level="sentence" id="markable_10" span="word_222..word_245" />
<markable mmax_level="sentence" id="markable_11" span="word_246..word_264" />
<markable mmax_level="sentence" id="markable_12" span="word_265..word_279" />
</markables>